"CANT. DE PARTICIPANTES","FEMENINO","MASCULINO","DEPARTAMENTO","PROVINCIA","DISTRITO","CENTRO POBLADO","COMUNIDAD CAMPESINA O NATIVA","NOMBRE DEL EVENTO","TRIMESTRE"
"1","1","0","AMAZONAS","CONDORCANQUI","NIEVA","","ALTO KUIT","INTEGRAL EN REGISTROS CIVILES","IV"
"1","1","0","PUNO","PUNO","PUNO","PUNO","ALTO PUNO","CANCELACION DE ACTAS REGISTRALES","IV"
"1","0","1","HUANUCO","LEONCIO PRADO","CASTILLO GRANDE","","C.P CASTILLO GRANDE","INTEGRAL EN REGISTROS CIVILES","IV"
"2","1","1","UCAYALI ","CORONEL PORTILLO ","NUEVA  REQUENA ","","C.P NUEVA ESPERANZA","INTEGRAL EN REGISTROS CIVILES","IV"
"1","1","0","LORETO ","UCAYALI ","PAMPA HERMOSA ","","C.P NUEVO LORETO","INTEGRAL EN REGISTROS CIVILES","IV"
"1","1","0","HUANUCO ","PUERTO INCA ","PUERTO INCA ","","C.P PORVENIR ","INTEGRAL EN REGISTROS CIVILES","IV"
"1","1","0","HUANUCO ","PUERTO INCA","PUERTO INCA ","","C.P PUERTO SIRA ","INTEGRAL EN REGISTROS CIVILES","IV"
"1","1","0","UCAYALI ","CORONEL PORTILLO ","PUERTO INCA ","","C.P SHEBONYA","INTEGRAL EN REGISTROS CIVILES","IV"
"1","0","1","MOQUEGUA","MARISCAL NIETO","SAN CRISTOBAL","","CALACOA","INTEGRAL EN REGISTROS CIVILES","IV"
"1","0","1","CUSCO","LA CONVENCION","MEGANTONI","","CAMANA","INTEGRAL EN REGISTROS CIVILES","IV"
"1","1","0","LA LIBERTAD","VIRÚ","VIRÚ","GUADALUPITO","CAMPO NUEVO","GRAFOTECNIA Y DACTILOSCOPÍA PARA REGISTRADORES CIVILES","IV"
"1","1","0","LA LIBERTAD","VIRÚ","VIRÚ","GUADALUPITO","CAMPO NUEVO","INTEGRAL EN REGISTROS CIVILES","IV"
"1","1","0","CUSCO","LA CONVENCION","MEGANTONI","","CARPINTERO KIRIGUETI","INTEGRAL EN REGISTROS CIVILES","IV"
"1","1","0","CUSCO","LA CONVENCION","MEGANTONI","","CASHIRIARI","INTEGRAL EN REGISTROS CIVILES","IV"
"2","0","2","UCAYALI ","CORONEL PORTILLO ","IPARIA ","","CC. NN PUEBLO NUEVO DEL CACO ","INTEGRAL EN REGISTROS CIVILES","IV"
"1","0","1","LORETO ","UCAYALI ","CONTAMANA","","CC.NN CANAAN","INTEGRAL EN REGISTROS CIVILES","IV"
"1","0","1","UCAYALI ","CORONEL PORTILLO ","YARINACOCHA ","","CC.NN PUERTO FIRMEZA","INTEGRAL EN REGISTROS CIVILES","IV"
"1","0","1","LORETO ","UCAYALI ","CONTAMANA","","CC.NN NUEVO EDEN ","INTEGRAL EN REGISTROS CIVILES","IV"
"1","0","1","UCAYALI ","CORONEL PORTILLO ","MASISEA","","CC.NN SANTA ROSA DE DINAMARCA","INTEGRAL EN REGISTROS CIVILES","IV"
"1","0","1","CUSCO","LA CONVENCION","KUMPIRUSHIATO","","CHACOPISHIATO","INTEGRAL EN REGISTROS CIVILES","IV"
"1","0","1","UCAYALI ","PADRE ABAD ","NESHUYA ","","CP SANTA ROSA DE GUINEA","INTEGRAL EN REGISTROS CIVILES","IV"
"1","0","1","CUSCO","LA CONVENCION","PICHARI","","GRAN SHINONGARI","INTEGRAL EN REGISTROS CIVILES","IV"
"1","1","0","CUSCO ","PARURO","CCAPI","","INCACONA","ACCESO, USO, IMPORTANCIA Y UTILIDAD DEL PORTAL WEB DEL REGISTRADOR CIVIL","IV"
"1","0","1","CUSCO","LA CONVENCION","MEGANTONI","","KITEPAMAPANI","INTEGRAL EN REGISTROS CIVILES","IV"
"1","0","1","CUSCO","LA CONVENCION","MEGANTONI",""," KOCHIRI","INTEGRAL EN REGISTROS CIVILES","IV"
"1","0","1","PUNO","PUNO","ACORA","MARCA ESQUEÑA","MARCA ESQUEÑA","ATENCIÓN AL CIUDADANO","IV"
"1","0","1","CUSCO","LA CONVENCION","MEGANTONI","","NUEVA VIDA","INTEGRAL EN REGISTROS CIVILES","IV"
"1","0","1","CUSCO","LA CONVENCION","MEGANTONI","","PUERTO HUALLANA","INTEGRAL EN REGISTROS CIVILES","IV"
"1","0","1","CUSCO","LA CONVENCION","MEGANTONI","","PUERTO RICO","INTEGRAL EN REGISTROS CIVILES","IV"
"1","1","0","PUNO","SAN ANTONIO DE PUTINA","PUTINA","","PUTINA","ACCESO, USO, IMPORTANCIA Y UTILIDAD DEL PORTAL WEB DEL REGISTRADOR CIVIL","IV"
"1","0","1","LA LIBERTAD ","BOLIVAR","BOLÍVAR","LONGOTEA","SAN VICENTE DE PAUL","GRAFOTECNIA Y DACTILOSCOPÍA PARA REGISTRADORES CIVILES","IV"
"1","0","1","CUSCO","LA CONVENCION","MEGANTONI","","SEGAKIATO","INTEGRAL EN REGISTROS CIVILES","IV"
"1","0","1","CUSCO","LA CONVENCION","MEGANTONI","","SENSA","INTEGRAL EN REGISTROS CIVILES","IV"
"1","0","1","CUSCO","LA CONVENCION","KUMPIRUSHIATO","","SHIMAA","INTEGRAL EN REGISTROS CIVILES","IV"
"1","1","0","CUSCO","LA CONVENCION","MEGANTONI","","SHIVANKORENI","INTEGRAL EN REGISTROS CIVILES","IV"
"1","1","0","CUSCO","LA CONVENCION","MEGANTONI","","TANGOSHIARI","INTEGRAL EN REGISTROS CIVILES","IV"
"1","0","1","CUSCO","LA CONVENCION","MEGANTONI","","TICUMPINIA CHOCORIARI","INTEGRAL EN REGISTROS CIVILES","IV"
"1","0","1","CUSCO","LA CONVENCION","MEGANTONI","","TIMPIA","INTEGRAL EN REGISTROS CIVILES","IV"
"1","1","0","PIURA","PIURA ","LA UNION","19 DE AGOSTO ","","ATENCIÓN AL USUARIO","IV"
"1","0","1","PIURA","PIURA","LA UNION","19 DE AGOSTO","","INTEGRAL EN REGISTROS CIVILES","IV"
"1","1","0","AMAZONAS","UTCUMBAMBA","CAJARURO","ALTO AMAZONAS ","","INTEGRAL EN REGISTROS CIVILES","IV"
"1","1","0","PUNO","PUNO","PUNO","ALTO PUNO","","ACCESO, USO, IMPORTANCIA Y UTILIDAD DEL PORTAL WEB DEL REGISTRADOR CIVIL","IV"
"1","1","0","PUNO","PUNO","PUNO","ALTO PUNO","","RECTIFICACIÓN DE ACTAS REGISTRALES","IV"
"1","1","0","PUNO ","AZANGARO","ARAPA","ARAPA","","GRAFOTECNIA Y DACTILOSCOPÍA PARA REGISTRADORES CIVILES","IV"
"2","1","1","LA LIBERTAD","SÁNCHEZ CARRION","COCHORCI","ARICAPAMPA ","","ACCESO, USO, IMPORTANCIA Y UTILIDAD DEL PORTAL WEB DEL REGISTRADOR CIVIL","IV"
"1","0","1","PUNO","AZÁNGARO ","ASILLO ","ASILLO","","CANCELACION DE ACTAS REGISTRALES","IV"
"1","1","0","AYACUCHO","SUCRE","SANTIAGO DE PAUCARAY","ATIHUARA","","INTEGRAL EN REGISTROS CIVILES","IV"
"1","1","0","PUNO","CARABAYA","AYAPATA","AYAPATA","","RECTIFICACIÓN DE ACTAS REGISTRALES","IV"
"1","1","0","PUNO","CARABAYA","AYAPATA","AYAPATA",".","ACCESO, USO, IMPORTANCIA Y UTILIDAD DEL PORTAL WEB DEL REGISTRADOR CIVIL","IV"
"1","1","0","PUNO","CARABAYA","AYAPATA","AYAPATA","","GRAFOTECNIA Y DACTILOSCOPÍA PARA REGISTRADORES CIVILES","IV"
"1","1","0","PUNO","CARABAYA","AYAPATA ","AYAPATA ","","ATENCIÓN AL CIUDADANO","IV"
"1","0","1","PUNO","MELGAR","AYAVIRI","AYAVIRI","","RECTIFICACIÓN DE ACTAS REGISTRALES","IV"
"1","0","1","PUNO","MELGAR","ORURILLO","BALSAPATA","","ACCESO, USO, IMPORTANCIA Y UTILIDAD DEL PORTAL WEB DEL REGISTRADOR CIVIL","IV"
"1","0","1","PUNO","MELGAR","ORURILLO","BALSAPATA","","GRAFOTECNIA Y DACTILOSCOPÍA PARA REGISTRADORES CIVILES","IV"
"1","0","1","PUNO ","EL COLLAO","PILCUYO","BARRIO PILCUYO","","REPOSICIÓN Y RECONSTITUCIÓN DE ACTAS","IV"
"2","2","0","PIURA","MORROPON","CHULUCANAS","BATANES","","INTEGRAL EN REGISTROS CIVILES","IV"
"1","1","1","CAJAMARCA","SAN MIGUEL","BOLIVAR","BOLIVAR","","ACCESO, USO, IMPORTANCIA Y UTILIDAD DEL PORTAL WEB DEL REGISTRADOR CIVIL","IV"
"1","1","0","PUNO","LAMPA","CABANILLA","CABANILLA","","RECTIFICACIÓN DE ACTAS REGISTRALES","IV"
"1","0","1","PUNO ","LAMPA","CALAPUJA","CALAPUJA","","REPOSICIÓN Y RECONSTITUCIÓN DE ACTAS","IV"
"1","0","1","PUNO ","PUNO","PLATERÍA ","CAMACANI","","ACCESO, USO, IMPORTANCIA Y UTILIDAD DEL PORTAL WEB DEL REGISTRADOR CIVIL","IV"
"1","0","1","TACNA","CANDARAVE","CANDARAVE","CANDARAVE","","ACCESO, USO, IMPORTANCIA Y UTILIDAD DEL PORTAL WEB DEL REGISTRADOR CIVIL","IV"
"1","0","1","LAMBAYEQUE","LAMBAYEQUE","LAMBAYEQUE","CAPILLA SANTA ROSA","","INTEGRAL EN REGISTROS CIVILES","IV"
"1","1","0","ANCASH","RECUAY","TICAPAMPA","CAYAC","","GRAFOTECNIA Y DACTILOSCOPÍA PARA REGISTRADORES CIVILES","IV"
"1","1","0","ANCASH","RECUAY","TICAPAMPA ","CAYAC","","ACCESO, USO, IMPORTANCIA Y UTILIDAD DEL PORTAL WEB DEL REGISTRADOR CIVIL","IV"
"1","1","0","LAMBAYEQUE","CHICLAYO","CAYALTI","CAYALTI","","INTEGRAL EN REGISTROS CIVILES","IV"
"1","1","0","PIURA","PIURA","LA UNION","CENTRO POBLADO 19 DE AGOSTO","","INTEGRAL EN REGISTROS CIVILES","IV"
"1","0","1","PIURA","PIURA","LA ARENA","CHATITO","","ACCESO, USO, IMPORTANCIA Y UTILIDAD DEL PORTAL WEB DEL REGISTRADOR CIVIL","IV"
"1","0","1","PIURA","PIURA","LA ARENA","CHATITO","","INTEGRAL EN REGISTROS CIVILES","IV"
"1","1","0","LA LIBERTAD","ASCOPE","CHICAMA","CHICLIN","","INTEGRAL EN REGISTROS CIVILES","IV"
"1","0","1","PUNO","EL COLLAO","PILCUYO","CHIPANA","","INTEGRAL EN REGISTROS CIVILES","IV"
"1","1","0","PIURA","PIURA","LAS LOMAS","CHIPILLICO","","ATENCIÓN AL CIUDADANO","IV"
"1","1","0","PUNO","PUNO","CHUCUITO","CHUCUITO","","RECTIFICACIÓN DE ACTAS REGISTRALES","IV"
"1","1","0","PUNO","PUNO","CHUCUITO ","CHUCUITO ","","ACCESO, USO, IMPORTANCIA Y UTILIDAD DEL PORTAL WEB DEL REGISTRADOR CIVIL","IV"
"1","1","0","LA LIBERTAD","JULCAN","JULCAN","CHUGURPAMPA","","INTEGRAL EN REGISTROS CIVILES","IV"
"1","1","0","PUNO","SAN ANTONIO DE PUTINA","ANANEA","CHUQUINE","","INTEGRAL EN REGISTROS CIVILES","IV"
"1","0","1","AYACUCHO","VICTOR FAJARDO","HUANCARAYLLA","CIRCAMARCA","","GRAFOTECNIA Y DACTILOSCOPÍA PARA REGISTRADORES CIVILES","IV"
"1","1","0","LA LIBERTAD","SANCHEZ CARRION","CHUGAY","COCHABAMBA","","INTEGRAL EN REGISTROS CIVILES","IV"
"1","1","0","LA LIBERTAD","SANCHEZ CARRION","SARIN","COCHAS","","INTEGRAL EN REGISTROS CIVILES","IV"
"1","1","0","AMAZONAS","LUYA","CAMPORREDONDO","COCOCHÓ","","ATENCIÓN AL USUARIO","IV"
"1","0","1","PUNO","EL COLLAO","ILAVE","COLLATA","","RECTIFICACIÓN DE ACTAS REGISTRALES","IV"
"1","1","0","PIURA","HUANCABAMBA","CANCHAQUE","COYONA","","INTEGRAL EN REGISTROS CIVILES","IV"
"1","1","0","PIURA","MORROPON","LA MATANZA","CP. LAYNAS","","INTEGRAL EN REGISTROS CIVILES","IV"
"1","1","0","PIURA","PIURA","CATACAOS","CP. NARIHUALA","","INTEGRAL EN REGISTROS CIVILES","IV"
"1","1","0","TUMBES","ZARUMILLA","PAPAYAL","CP. UÑA DE GATO","","INTEGRAL EN REGISTROS CIVILES","IV"
"1","0","1","PUNO ","PUNO","ACORA","CRUCERO","","REPOSICIÓN Y RECONSTITUCIÓN DE ACTAS","IV"
"1","0","1","LAMBAYEQUE","LAMBAYEQUE","MORROPE","CRUZ DEL MEDANO","","INTEGRAL EN REGISTROS CIVILES","IV"
"1","1","0","CUSCO","LA CONVENCION","QUELLOUNO"," CUENCA DE CHAPO","","INTEGRAL EN REGISTROS CIVILES","IV"
"1","1","0","LA LIBERTAD","SANCHEZ CARRION","CURGOS","CURGOS","","ATENCIÓN AL CIUDADANO","IV"
"1","1","0","LA LIBERTAD","TRUJILLO ","MOCHE","CURVA DE SUN","","ACCESO, USO, IMPORTANCIA Y UTILIDAD DEL PORTAL WEB DEL REGISTRADOR CIVIL","IV"
"1","1","0","LA LIBERTAD","TRUJILLO","MOCHE","CURVA DE SUN","","INTEGRAL EN REGISTROS CIVILES","IV"
"1","1","0","LA LIBERTAD ","VIRÚ ","VIRÚ ","EL CARMELO","","ACCESO, USO, IMPORTANCIA Y UTILIDAD DEL PORTAL WEB DEL REGISTRADOR CIVIL","IV"
"1","1","0","LA LIBERTAD ","VIRU","VIRU","EL CARMELO","","GRAFOTECNIA Y DACTILOSCOPÍA PARA REGISTRADORES CIVILES","IV"
"1","1","0","LA LIBERTAD ","VIRU","VIRU","EL CARMELO","","INTEGRAL EN REGISTROS CIVILES","IV"
"1","0","1","LA LIBERTAD","SAN MIGUEL","LLAPA","EL EMPALME","","INTEGRAL EN REGISTROS CIVILES","IV"
"1","1","0","CAJAMARCA","CAJABAMBA","CONDEBAMBA","EL HUAYO","","INTEGRAL EN REGISTROS CIVILES","IV"
"1","1","0","LA LIBERTAD","SANCHEZ CARRION","HUAMACHUCO","EL PALLAR","","INTEGRAL EN REGISTROS CIVILES","IV"
"1","1","0","ANCASH","HUARI","HUARI","EL PORVENIR","","GRAFOTECNIA Y DACTILOSCOPÍA PARA REGISTRADORES CIVILES","IV"
"1","1","0","LAMBAYEQUE","LAMBAYEQUE","OLMOS","EL PUEBLITO","","ATENCIÓN AL CIUDADANO","IV"
"1","1","0","LAMBAYEQUE","LAMBAYEQUE","OLMOS","EL PUEBLITO","","INTEGRAL EN REGISTROS CIVILES","IV"
"1","1","0","PUNO ","CARABAYA ","COASA","ESQUENA","","REPOSICIÓN Y RECONSTITUCIÓN DE ACTAS","IV"
"1","0","1","PUNO","CARABAYA","AYAPATA","HANAC AYLLO","","GRAFOTECNIA Y DACTILOSCOPÍA PARA REGISTRADORES CIVILES","IV"
"1","1","0","LAMBAYEQUE ","CHICLAYO ","CHONGOYAPE ","HUACA BLANCA","","ACCESO, USO, IMPORTANCIA Y UTILIDAD DEL PORTAL WEB DEL REGISTRADOR CIVIL","IV"
"1","1","0","PUNO","PUNO","HUATA","HUATA","","CANCELACION DE ACTAS REGISTRALES","IV"
"1","0","1","CUSCO","LA CONVENCION","SANTA ANA"," HUAYANAY","","INTEGRAL EN REGISTROS CIVILES","IV"
"1","1","0","MADRE DE DIOS","TAHUAMANU","IBERIA","IBERIA","","CANCELACION DE ACTAS REGISTRALES","IV"
"1","0","1","CAJAMARCA","CUTERVO","QUERECOTILLO","INGUER","","INTEGRAL EN REGISTROS CIVILES","IV"
"1","1","0","PUNO ","CHUCUITO","ZEPITA","ISANI ","","GRAFOTECNIA Y DACTILOSCOPÍA PARA REGISTRADORES CIVILES","IV"
"1","0","1","PUNO","SAN ROMAN","JULIACA","ISLA","","GRAFOTECNIA Y DACTILOSCOPÍA PARA REGISTRADORES CIVILES","IV"
"1","0","1","PUNO ","CARABAYA ","ITUATA ","ITUATA ","","REPOSICIÓN Y RECONSTITUCIÓN DE ACTAS","IV"
"1","0","1","PUNO ","CARABAYA ","ITUATA ","ITUATA ","","ACCESO, USO, IMPORTANCIA Y UTILIDAD DEL PORTAL WEB DEL REGISTRADOR CIVIL","IV"
"1","1","0","AREQUIPA","CARAVELI","JAQUI","JAQUI","","ACCESO, USO, IMPORTANCIA Y UTILIDAD DEL PORTAL WEB DEL REGISTRADOR CIVIL","IV"
"1","1","0","PIURA","SULLANA","MIGUEL CHECA","JIBITO","","INTEGRAL EN REGISTROS CIVILES","IV"
"1","1","0","CUSCO","LA CONVENCION","KUMPIRUSHIATO","KEPASHIATO","","INTEGRAL EN REGISTROS CIVILES","IV"
"1","0","1","CUSCO","LA CONVENCION","ECHARATE","KITENI","","INTEGRAL EN REGISTROS CIVILES","IV"
"1","1","0","LAMBAYEQUE","LAMBAYEQUE","OLMOS","LA CAPILLA CENTRAL","","INTEGRAL EN REGISTROS CIVILES","IV"
"1","1","0","LIMA","CAÑETE","NUEVO IMPERIAL","LA FLORIDA","","INTEGRAL EN REGISTROS CIVILES","IV"
"1","1","0","PIURA","PAITA","PAITA","LA TORTUGA","","INTEGRAL EN REGISTROS CIVILES","IV"
"1","1","0","PIURA","HUANCABAMBA","SONDORILLO","LACCHAN ALTO","","INTEGRAL EN REGISTROS CIVILES","IV"
"1","1","0","CUSCO","CANAS","KUNTURKANKI","LARAMANI","","REPOSICIÓN Y RECONSTITUCIÓN DE ACTAS","IV"
"1","1","0","LIMA","YAUYOS","LARAOS","LARAOS","","ATENCIÓN AL USUARIO","IV"
"1","1","0","PUNO","MELGAR","ANTAUTA ","LARIMAYO","","ACCESO, USO, IMPORTANCIA Y UTILIDAD DEL PORTAL WEB DEL REGISTRADOR CIVIL","IV"
"1","1","0","PUNO","MELGAR","ANTAUTA","LARIMAYO","","GRAFOTECNIA Y DACTILOSCOPÍA PARA REGISTRADORES CIVILES","IV"
"1","1","0","PUNO","MELGAR","ANTAUTA","LARIMAYO ","","ATENCIÓN AL CIUDADANO","IV"
"1","0","1","PIURA","HUANCABAMBA","HUARMACA","LIMON DE PORCUYA","","INTEGRAL EN REGISTROS CIVILES","IV"
"1","0","1","PUNO","CHUCUITO","POMATA","LLAQUEPA","","RECTIFICACIÓN DE ACTAS REGISTRALES","IV"
"1","1","0","MOQUEGUA","MARISCAL NIETO","MOQUEGUA","LOS ANGELES","","INTEGRAL EN REGISTROS CIVILES","IV"
"1","1","0","PIURA","PIURA","LA UNION","LOS CANIZALES","","INTEGRAL EN REGISTROS CIVILES","IV"
"1","0","1","LORETO ","UCAYALI ","CONTAMANA","MANCO CAPAC ","","INTEGRAL EN REGISTROS CIVILES","IV"
"1","1","0","AYACUCHO","HUAMANGA","SOCOS","MANZANAYOCC","","INTEGRAL EN REGISTROS CIVILES","IV"
"1","1","0","JUNIN","CONCEPCION","MATAHUASI","MARAVILCA","","ACCESO, USO, IMPORTANCIA Y UTILIDAD DEL PORTAL WEB DEL REGISTRADOR CIVIL","IV"
"1","0","1","PUNO","PUNO","ACORA","MARCA ESQUEÑA","","RECTIFICACIÓN DE ACTAS REGISTRALES","IV"
"1","1","0","LA LIBERTAD","PACASMAYO","GUADALUPE","MARISCAL CASTILLA","","ACCESO, USO, IMPORTANCIA Y UTILIDAD DEL PORTAL WEB DEL REGISTRADOR CIVIL","IV"
"1","0","1","PUNO ","AZÁNGARO ","SANTIAGO DE PUPUJA ","MATARO CHICO ","","REPOSICIÓN Y RECONSTITUCIÓN DE ACTAS","IV"
"1","0","1","PUNO","AZÁNGARO ","SANTIAGO DE PUPUJA","MATARO CHICO","","ACCESO, USO, IMPORTANCIA Y UTILIDAD DEL PORTAL WEB DEL REGISTRADOR CIVIL","IV"
"1","0","1","PUNO","AZÁNGARO ","SANTIAGO DE PUPUJA ","MATARO CHICO ","","ATENCIÓN AL CIUDADANO","IV"
"1","0","1","CUSCO","LA CONVENCION","MEGANTONI","MIARIA","","INTEGRAL EN REGISTROS CIVILES","IV"
"2","2","0","LA LIBERTAD ","TRUJILLO ","MOCHE ","MIRAMAR ","","ACCESO, USO, IMPORTANCIA Y UTILIDAD DEL PORTAL WEB DEL REGISTRADOR CIVIL","IV"
"1","1","0","LAMBAYEQUE","CHICLAYO ","LAGUNAS ","MOCUPE","","ACCESO, USO, IMPORTANCIA Y UTILIDAD DEL PORTAL WEB DEL REGISTRADOR CIVIL","IV"
"1","1","0","LAMBAYEQUE","CHICLAYO ","LAGUNAS","MOCUPE","","ATENCIÓN AL CIUDADANO","IV"
"1","0","1","CUSCO","LA CONVENCION","VILCABAMBA","NARANJAL PALTAYBAMBA","","INTEGRAL EN REGISTROS CIVILES","IV"
"1","1","0","PIURA","PIURA","CATACAOS","NARIHUALA","","ATENCIÓN AL CIUDADANO","IV"
"1","1","0","UCAYALI ","CORONEL PORTILLO ","YARINACOCHA ","NUEVA ESPERANZA DE PANAILLO ","","INTEGRAL EN REGISTROS CIVILES","IV"
"1","1","0","CUSCO","LA CONVENCION","MEGANTONI","NUEVA LUZ","","INTEGRAL EN REGISTROS CIVILES","IV"
"1","1","0","LA LIBERTAD ","VIRÚ","CHAO","NUEVO CHAO","","ACCESO, USO, IMPORTANCIA Y UTILIDAD DEL PORTAL WEB DEL REGISTRADOR CIVIL","IV"
"1","1","0","LA LIBERTAD","VIRU","CHAO","NUEVO CHAO","","GRAFOTECNIA Y DACTILOSCOPÍA PARA REGISTRADORES CIVILES","IV"
"1","0","1","CUSCO","LA CONVENCION","MEGANTONI","NUEVO MUNDO","","INTEGRAL EN REGISTROS CIVILES","IV"
"1","0","1","PIURA","HUANCABAMBA","HUARMACA","NUEVO SAN MARTIN","","ATENCIÓN AL USUARIO","IV"
"1","0","1","PIURA","HUANCABAMBA","HUARMACA","NUEVO SAN MARTIN","","ACCESO, USO, IMPORTANCIA Y UTILIDAD DEL PORTAL WEB DEL REGISTRADOR CIVIL","IV"
"1","0","1","PIURA","HUANCABAMBA","HUARMACA","NUEVO SAN MARTIN","","INTEGRAL EN REGISTROS CIVILES","IV"
"1","0","1","AMAZONAS","CONDORCANQUI","NIEVA","NUEVO SEASMI","","INTEGRAL EN REGISTROS CIVILES","IV"
"1","0","1","AYACUCHO","HUAMANGA","VINCHOS","OPANCCA","","INTEGRAL EN REGISTROS CIVILES","IV"
"1","1","0","LA LIBERTAD","JULCAN","CARABAMBA","PADAHUAMBO","","INTEGRAL EN REGISTROS CIVILES","IV"
"1","1","0","CUSCO","LA CONVENCION","ECHARATE","PALMA REAL","","INTEGRAL EN REGISTROS CIVILES","IV"
"1","1","0","CAJAMARCA","JAÉN","POMAHUACA","PALO BLANCO",". ","ATENCIÓN AL USUARIO","IV"
"1","1","0","LAMBAYEQUE ","CHICLAYO ","CHONGOYAPE ","PAMPA GRANDE","","ACCESO, USO, IMPORTANCIA Y UTILIDAD DEL PORTAL WEB DEL REGISTRADOR CIVIL","IV"
"1","1","0","PIURA","MORROPON","SANTA CATALINA DE MOSSA","PAMPARUMBE","","INTEGRAL EN REGISTROS CIVILES","IV"
"1","1","0","TUMBES ","TUMBES ","PAMPAS DE HOSPITAL ","PAMPAS DE HOSPITAL ","","ACCESO, USO, IMPORTANCIA Y UTILIDAD DEL PORTAL WEB DEL REGISTRADOR CIVIL","IV"
"1","1","0","ANCASH","HUARAZ ","INDEPENDENCIA ","PARIA WILCAHUAIN","","GRAFOTECNIA Y DACTILOSCOPÍA PARA REGISTRADORES CIVILES","IV"
"1","1","0","PIURA","PIURA","TAMBOGRANDE","PEDREGAL","","ATENCIÓN AL CIUDADANO","IV"
"1","1","0","CAJAMARCA","SAN IGNACIO","CHIRINOS","PERICO","","ATENCIÓN AL USUARIO","IV"
"1","0","1","PUNO","PUNO","PLATERIA","PLATERIA","","RECTIFICACIÓN DE ACTAS REGISTRALES","IV"
"1","1","0","PUNO","CHUCUITO","POMATA","POMATA","","RECTIFICACIÓN DE ACTAS REGISTRALES","IV"
"1","1","0","PUNO","CHUCUITO","POMATA","POMATA","","CANCELACION DE ACTAS REGISTRALES","IV"
"1","0","1","CAJAMARCA","CAJAMARCA","CAJAMARCA","PORCONCILLO ALTO","","REPOSICIÓN Y RECONSTITUCIÓN DE ACTAS","IV"
"1","1","0","PUNO","AZÁNGARO ","ASILLO","PROGRESO","","RECTIFICACIÓN DE ACTAS REGISTRALES","IV"
"1","1","0","PUNO","AZÁNGARO ","ASILLO ","PROGRESO ","","ATENCIÓN AL CIUDADANO","IV"
"1","1","0","PIURA","MORROPON","SANTA CATALINA DE MOSSA","PUEBLO NUEVO DE MARAY","","INTEGRAL EN REGISTROS CIVILES","IV"
"1","1","0","PUNO ","HUANCANE","PUSI","PUSI","","REPOSICIÓN Y RECONSTITUCIÓN DE ACTAS","IV"
"1","1","0","PUNO ","SAN ANTONIO DE PUTINA","PUTINA","PUTINA","","REPOSICIÓN Y RECONSTITUCIÓN DE ACTAS","IV"
"1","0","1","CUSCO","LA CONVENCION","QUELLOUNO","PUTUCUSI","","INTEGRAL EN REGISTROS CIVILES","IV"
"1","1","0","LAMBAYEQUE","LAMBAYEQUE","OLMOS","QUERPON","","INTEGRAL EN REGISTROS CIVILES","IV"
"1","0","1","PUNO ","HUANCANE","ROSASPATA","ROSASPATA","","REPOSICIÓN Y RECONSTITUCIÓN DE ACTAS","IV"
"1","1","0","HUANUCO ","PUERTO INCA","HONORIA","SAN ANTONIO DE HONORIA","","INTEGRAL EN REGISTROS CIVILES","IV"
"1","1","0","AREQUIPA","AREQUIPA","LA JOYA","SAN CAMILO","","INTEGRAL EN REGISTROS CIVILES","IV"
"1","1","0","AREQUIPA","AREQUIPA","LA JOYA ","SAN ISIDRO ","","ACCESO, USO, IMPORTANCIA Y UTILIDAD DEL PORTAL WEB DEL REGISTRADOR CIVIL","IV"
"1","1","0","LA LIBERTAD ","VIRÚ ","VIRÚ ","SAN JOSÉ","","ACCESO, USO, IMPORTANCIA Y UTILIDAD DEL PORTAL WEB DEL REGISTRADOR CIVIL","IV"
"1","1","0","LA LIBERTAD","VIRU","VIRU","SAN JOSE","","GRAFOTECNIA Y DACTILOSCOPÍA PARA REGISTRADORES CIVILES","IV"
"1","0","1","PUNO","PUNO ","SAN ANTONIO ","SAN JOSÉ ","","RECTIFICACIÓN DE ACTAS REGISTRALES","IV"
"1","1","0","PUNO ","EL COLLAO","ILAVE","SAN JUAN DE HUINIHUININI","","REPOSICIÓN Y RECONSTITUCIÓN DE ACTAS","IV"
"1","1","0","PUNO ","EL COLLAO ","ILAVE ","SAN JUAN DE HUINIHUININI","","ACCESO, USO, IMPORTANCIA Y UTILIDAD DEL PORTAL WEB DEL REGISTRADOR CIVIL","IV"
"1","1","0","PUNO","El COLLAO","ILAVE","SAN JUAN DE HUINIHUININI","","GRAFOTECNIA Y DACTILOSCOPÍA PARA REGISTRADORES CIVILES","IV"
"1","0","1","CAJAMARCA","CAJAMARCA","ENCAÑADA","SAN JUAN DE YERBA BUENA","","ACCESO, USO, IMPORTANCIA Y UTILIDAD DEL PORTAL WEB DEL REGISTRADOR CIVIL","IV"
"1","1","0","CUSCO","LA CONVENCION","OCOBAMBA","SAN LORENZO","","INTEGRAL EN REGISTROS CIVILES","IV"
"1","1","0","PIURA","PIURA","TAMBOGRANDE","SAN MARTIN C-P-3","","ATENCIÓN AL CIUDADANO","IV"
"1","0","1","PUNO ","MELGAR","SANTA ROSA","SANTA ROSA","","REPOSICIÓN Y RECONSTITUCIÓN DE ACTAS","IV"
"1","0","1","PUNO","MELGAR","SANTA ROSA","SANTA ROSA","","CANCELACION DE ACTAS REGISTRALES","IV"
"2","1","1","PUNO","MELGAR","SANTA ROSA","SANTA ROSA","","GRAFOTECNIA Y DACTILOSCOPÍA PARA REGISTRADORES CIVILES","IV"
"2","1","1","PUNO","MELGAR","SANTA ROSA","SANTA ROSA","","ATENCIÓN AL CIUDADANO","IV"
"1","1","0","PUNO","PUNO","ACORA","SANTA ROSA DE YANAQUE","","ATENCIÓN AL CIUDADANO","IV"
"1","1","0","PIURA","MORROPON ","CHALACO ","SANTIAGO ","","ATENCIÓN AL CIUDADANO","IV"
"1","1","0","PIURA","MORROPON","CHALACO","SANTIAGO","","INTEGRAL EN REGISTROS CIVILES","IV"
"1","1","0","PUNO ","CHUCUITO ","JULI","SIHUAYRO ","","REPOSICIÓN Y RECONSTITUCIÓN DE ACTAS","IV"
"1","1","0","PUNO","CHUCUITO","JULI","SIHUAYRO","","GRAFOTECNIA Y DACTILOSCOPÍA PARA REGISTRADORES CIVILES","IV"
"1","0","1","AYACUCHO","SUCRE","PAICO","SIHUE","","GRAFOTECNIA Y DACTILOSCOPÍA PARA REGISTRADORES CIVILES","IV"
"1","1","0","CAJAMARCA","SANTA CRUZ","PULAN","SUCCHAPAMPA","","INTEGRAL EN REGISTROS CIVILES","IV"
"1","1","0","LA LIBERTAD","SÁNCHEZ CARRIÓN","CHUGAY","SUCCHAPAMPA","","INTEGRAL EN REGISTROS CIVILES","IV"
"1","1","0","PIURA","MORROPON","YAMANGO","TAMBOYA","","INTEGRAL EN REGISTROS CIVILES","IV"
"1","0","1","PUNO","HUANCANE","TARACO","TARACO","","ACCESO, USO, IMPORTANCIA Y UTILIDAD DEL PORTAL WEB DEL REGISTRADOR CIVIL","IV"
"1","0","1","CUSCO","LA CONVENCION","MANITEA","TAWANTINSUYO","","INTEGRAL EN REGISTROS CIVILES","IV"
"1","1","0","PIURA","PIURA","TAMBO GRANDE","TEJEDORES","","INTEGRAL EN REGISTROS CIVILES","IV"
"1","0","1","PUNO ","AZÁNGARO ","TIRAPATA","TIRAPATA","","REPOSICIÓN Y RECONSTITUCIÓN DE ACTAS","IV"
"1","0","1","PUNO","AZANGARO","TIRAPATA","TIRAPATA","","GRAFOTECNIA Y DACTILOSCOPÍA PARA REGISTRADORES CIVILES","IV"
"1","0","1","CUSCO","PAUCARTAMBO","COLQUEPATA","TOCRA","","ACCESO, USO, IMPORTANCIA Y UTILIDAD DEL PORTAL WEB DEL REGISTRADOR CIVIL","IV"
"1","0","1","CUSCO","CHUMBIVILCAS ","LIVITACA ","TOTORA","","ACCESO, USO, IMPORTANCIA Y UTILIDAD DEL PORTAL WEB DEL REGISTRADOR CIVIL","IV"
"2","2","0","PIURA","HUANCABAMBA","SONDOR","TULUCE","","INTEGRAL EN REGISTROS CIVILES","IV"
"1","1","0","PUNO ","CARABAYA","COASA","UCHUHUMA","","ACCESO, USO, IMPORTANCIA Y UTILIDAD DEL PORTAL WEB DEL REGISTRADOR CIVIL","IV"
"1","1","0","PUNO","CARABAYA","COASA","UCHUHUMA","","GRAFOTECNIA Y DACTILOSCOPÍA PARA REGISTRADORES CIVILES","IV"
"1","1","0","CAJAMARCA ","SANTA CRUZ ","CATACHE ","UDIMA ","","ATENCIÓN AL USUARIO","IV"
"1","0","1","HUANCAVELICA","CHURCAMPA","ANCO","UNIÓN LA VICTORIA","","INTEGRAL EN REGISTROS CIVILES","IV"
"1","1","0","JUNIN","CHANCHAMAYO","PERENE","UNION PERENE","","ACCESO, USO, IMPORTANCIA Y UTILIDAD DEL PORTAL WEB DEL REGISTRADOR CIVIL","IV"
"1","1","0","AYACUCHO","LA MAR","ANCO","UNION PROGRESO","","INTEGRAL EN REGISTROS CIVILES","IV"
"1","1","0","TUMBES ","ZARUMILLA ","PAPAYAL ","UÑA DE GATO ","","ATENCIÓN AL CIUDADANO","IV"
"1","0","1","AYACUCHO","LUCANAS","SAN PEDRO","VALLE ECOLOGICO SANTA ANA","","REPOSICIÓN Y RECONSTITUCIÓN DE ACTAS","IV"
"1","0","1","LORETO ","UCAYALI ","CONTAMANA","VENCEDOR ","","INTEGRAL EN REGISTROS CIVILES","IV"
"1","0","1","ANCASH","CARHUAZ","MARCARÁ ","VICOS","","ACCESO, USO, IMPORTANCIA Y UTILIDAD DEL PORTAL WEB DEL REGISTRADOR CIVIL","IV"
"1","1","0","LA LIBERTAD","TRUJILLO","HUANCHACO","VICTOR RAUL HAYA DE LA TORRE","","INTEGRAL EN REGISTROS CIVILES","IV"
"1","1","0","LA LIBERTAD","TRUJILLO","HUANCHACO","VICTOR RAUL HAYA DE LA TORRE","","ACCESO, USO, IMPORTANCIA Y UTILIDAD DEL PORTAL WEB DEL REGISTRADOR CIVIL","IV"
"1","1","0","PIURA ","MORROPÓN ","CHULUCANAS ","VILLA DE BATANES","","ACCESO, USO, IMPORTANCIA Y UTILIDAD DEL PORTAL WEB DEL REGISTRADOR CIVIL","IV"
"1","1","0","PIURA","MORROPON","CHULUCANAS","VILLA DE BATANES","","ATENCIÓN AL CIUDADANO","IV"
"1","0","1","LA LIBERTAD","TRUJILLO","HUANCHACO","VILLA DEL MAR","","INTEGRAL EN REGISTROS CIVILES","IV"
"1","0","1","PIURA","PIURA","CATACAOS","VILLA MONTE CASTILLO","","ATENCIÓN AL USUARIO","IV"
"1","0","1","HUANCAVELICA","ACOBAMBA","ANTA","VILLA PATA","","RECTIFICACIÓN DE ACTAS REGISTRALES","IV"
"1","1","0","PIURA","PIURA","CATACAOS","VILLA PEDREGAL GRANDE","","ATENCIÓN AL CIUDADANO","IV"
"1","1","0","PIURA","PIURA","CATACAOS","VILLA PEDREGAL GRANDE","","INTEGRAL EN REGISTROS CIVILES","IV"
"1","0","1","PUNO","AZANGARO","SAMAN","VILLA QUEJON MOCCO","","ATENCIÓN AL CIUDADANO","IV"
"2","2","0","PIURA","PAITA","LA HUACA ","VILLA VIVIATE","","INTEGRAL EN REGISTROS CIVILES","IV"
"2","2","0","MOQUEGUA","MARISCAL NIETO","TORATA","YACANGO","","INTEGRAL EN REGISTROS CIVILES","IV"
"1","1","0","PIURA","PAITA","PAITA","YACILA","","INTEGRAL EN REGISTROS CIVILES","IV"
"1","1","0","PIURA","PAITA","PAITA","YACILA","","ATENCIÓN AL CIUDADANO","IV"
"1","0","1","CAJAMARCA","CAJAMARCA","ENCAÑADA","YANACANCHA GRANDE","","REPOSICIÓN Y RECONSTITUCIÓN DE ACTAS","IV"
"1","0","1","PUNO","SANDIA","YANAHUAYA","YANAHUAYA","","CANCELACION DE ACTAS REGISTRALES","IV"
"1","0","1","AMAZONAS","CONDORCANQUI","NIEVA","YUMIGKUS","","INTEGRAL EN REGISTROS CIVILES","IV"
"1","1","0","AREQUIPA","AREQUIPA","YURA","YURA","","RECTIFICACIÓN DE ACTAS REGISTRALES","IV"
"1","0","1","ANCASH","MARISCAL LUZURIAGA","LLUMPA","YURMA","","GRAFOTECNIA Y DACTILOSCOPÍA PARA REGISTRADORES CIVILES","IV"
"2","1","1","CUSCO","LA CONVENCION","VILCABAMBA","YUVENI","","INTEGRAL EN REGISTROS CIVILES","IV"
"2","2","0","APURIMAC","ABANCAY","ABANCAY","","","INTEGRAL EN REGISTROS CIVILES","IV"
"1","1","0","APURIMAC","ABANCAY","ABANCAY","","","GRAFOTECNIA Y DACTILOSCOPÍA PARA REGISTRADORES CIVILES","IV"
"1","1","0","APURIMAC","ABANCAY","ABANCAY","","","REPOSICIÓN Y RECONSTITUCIÓN DE ACTAS","IV"
"1","0","1","CUSCO","PARURO","ACCHA","","","INTEGRAL EN REGISTROS CIVILES","IV"
"1","0","1","CUSCO","PARURO","ACCHA","","","REPOSICIÓN Y RECONSTITUCIÒN DE ACTAS REGISTRALES","IV"
"2","1","1","TUMBES","ZARUMILLA","AGUAS VERDES","","","ATENCIÓN AL USUARIO","IV"
"1","0","1","TUMBES","ZARUMILLA","AGUAS VERDES","","","INTEGRAL EN REGISTROS CIVILES","IV"
"1","1","0","SAN MARTIN","HUALLAGA","ALTO SAPOSOA","","","ATENCIÓN AL USUARIO","IV"
"1","1","0","CUSCO","ANTA","ANCAHUASI","","","REPOSICIÓN Y RECONSTITUCIÓN DE ACTAS","IV"
"1","1","0","CUSCO","ANTA","ANCAHUASI","","","GRAFOTECNIA Y DACTILOSCOPÍA PARA REGISTRADORES CIVILES","IV"
"1","0","1","AREQUIPA","CONDESUYOS","ANDARAY","","","ACCESO, USO, IMPORTANCIA Y UTILIDAD DEL PORTAL WEB DEL REGISTRADOR CIVIL","IV"
"1","0","1","AYACUCHO","HUAMANGA","ANDRES AVELINO CACERES DORREGARAY","","","GRAFOTECNIA Y DACTILOSCOPÍA PARA REGISTRADORES CIVILES","IV"
"1","1","0","HUANUCO ","PUERTO INCA","ANTRIGUA HONORIA ","","","INTEGRAL EN REGISTROS CIVILES","IV"
"1","1","0","JUNÍN ","JAUJA ","APATA","","","ACCESO, USO, IMPORTANCIA Y UTILIDAD DEL PORTAL WEB DEL REGISTRADOR CIVIL","IV"
"1","1","0","LA LIBERTAD","ASCOPE","ASCOPE","","","INTEGRAL EN REGISTROS CIVILES","IV"
"1","0","1","PUNO","AZÁNGARO ","ASILLO ","","","RECTIFICACIÓN DE ACTAS REGISTRALES","IV"
"1","0","1","PUNO","AZÁNGARO","ASILLO","","","GRAFOTECNIA Y DACTILOSCOPÍA PARA REGISTRADORES CIVILES","IV"
"1","1","0","AYACUCHO","VICTOR FAJARDO","ASQUIPATA","","","CANCELACION DE ACTAS REGISTRALES","IV"
"1","1","0","AMAZONAS","CHACHAPOYAS","ASUNCION","","","GRAFOTECNIA Y DACTILOSCOPÍA PARA REGISTRADORES CIVILES","IV"
"1","1","0","ANCASH","CARHUAZ","ATAQUERO","","","INTEGRAL EN REGISTROS CIVILES","IV"
"1","1","0","ANCASH","CARHUAZ","ATAQUERO","","","ACCESO, USO, IMPORTANCIA Y UTILIDAD DEL PORTAL WEB DEL REGISTRADOR CIVIL","IV"
"1","1","0","ANCASH","CARHUAZ","ATAQUERO","","","ATENCIÓN AL CIUDADANO","IV"
"1","1","0","ANCASH","CARHUAZ","ATAQUERO","","","REPOSICIÓN Y RECONSTITUCIÒN DE ACTAS REGISTRALES","IV"
"1","0","1","AYACUCHO","LUCANAS","AUCARA","","","REPOSICIÓN Y RECONSTITUCIÓN DE ACTAS","IV"
"2","2","0","PIURA","AYABACA","AYABACA","","","ATENCIÓN AL CIUDADANO","IV"
"1","1","0","AYACUCHO","HUAMANGA","AYACUCHO","","","CANCELACION DE ACTAS REGISTRALES","IV"
"1","0","1","PUNO","CARABAYA","AYAPATA","","","RECTIFICACIÓN DE ACTAS REGISTRALES","IV"
"1","1","0","AYACUCHO","LA MAR","AYNA","","","GRAFOTECNIA Y DACTILOSCOPÍA PARA REGISTRADORES CIVILES","IV"
"1","1","0","AYACUCHO","LA MAR","AYNA","","","CANCELACION DE ACTAS REGISTRALES","IV"
"1","0","1","AMAZONAS","UTCUBAMBA","BAGUA GRANDE","","","ACCESO, USO, IMPORTANCIA Y UTILIDAD DEL PORTAL WEB DEL REGISTRADOR CIVIL","IV"
"1","1","0","AREQUIPA","CARAVELI","BELLA UNION","","","INTEGRAL EN REGISTROS CIVILES","IV"
"1","1","0","PIURA","SECHURA","BELLAVISTA DE LA UNION","","","INTEGRAL EN REGISTROS CIVILES","IV"
"1","1","0","PIURA ","SECHURA ","BERNAL ","","","ATENCIÓN AL CIUDADANO","IV"
"1","0","1","UCAYALI ","PADRE ABAD ","BOQUERON","","","INTEGRAL EN REGISTROS CIVILES","IV"
"1","1","0","PIURA ","MORROPON ","BUENOS AIRES ","","","ACCESO, USO, IMPORTANCIA Y UTILIDAD DEL PORTAL WEB DEL REGISTRADOR CIVIL","IV"
"1","1","0","PIURA ","MORROPON ","BUENOS AIRES ","","","ATENCIÓN AL CIUDADANO","IV"
"1","1","0","PUNO","LAMPA","CABANILLA","","","ACCESO, USO, IMPORTANCIA Y UTILIDAD DEL PORTAL WEB DEL REGISTRADOR CIVIL","IV"
"1","1","0","PUNO","LAMPA","CABANILLA","","","GRAFOTECNIA Y DACTILOSCOPÍA PARA REGISTRADORES CIVILES","IV"
"1","1","0","PUNO","LAMPA","CABANILLA","","","CANCELACION DE ACTAS REGISTRALES","IV"
"2","2","0","PUNO","SAN ROMAN","CABANILLAS","","","ACCESO, USO, IMPORTANCIA Y UTILIDAD DEL PORTAL WEB DEL REGISTRADOR CIVIL","IV"
"1","1","0","CUSCO","CALCA","CALCA","","","REPOSICIÓN Y RECONSTITUCIÓN DE ACTAS","IV"
"4","4","0","UCAYALI ","CORONEL PORTILLO ","CALLERIA ","","","INTEGRAL EN REGISTROS CIVILES","IV"
"1","0","1","AMAZONAS","LUYA","CAMPORREDONDO","","","ATENCIÓN AL USUARIO","IV"
"1","1","0","UCAYALI ","CORONEL PORTILLO ","CAMPOVERDE","","","INTEGRAL EN REGISTROS CIVILES","IV"
"1","0","1","AYACUCHO","HUANTA","CANAYRE","","","GRAFOTECNIA Y DACTILOSCOPÍA PARA REGISTRADORES CIVILES","IV"
"1","1","0","CUSCO","CHUMBIVILCAS","CAPACMARCA","","","ACCESO, USO, IMPORTANCIA Y UTILIDAD DEL PORTAL WEB DEL REGISTRADOR CIVIL","IV"
"1","1","0","CUSCO","CHUMBIVILCAS","CAPACMARCA","","","GRAFOTECNIA Y DACTILOSCOPÍA PARA REGISTRADORES CIVILES","IV"
"1","0","1","JUNIN","JUNIN","CARHUAMAYO","","","ACCESO, USO, IMPORTANCIA Y UTILIDAD DEL PORTAL WEB DEL REGISTRADOR CIVIL","IV"
"2","1","1","ANCASH","CARHUAZ ","CARHUAZ","","","ACCESO, USO, IMPORTANCIA Y UTILIDAD DEL PORTAL WEB DEL REGISTRADOR CIVIL","IV"
"1","0","1","MOQUEGUA","MARISCAL NIETO","CARUMAS","","","INTEGRAL EN REGISTROS CIVILES","IV"
"3","3","0","PIURA ","PIURA ","CATACAOS ","","","ATENCIÓN AL USUARIO","IV"
"1","1","0","PIURA","PIURA","CATACAOS","","","INTEGRAL EN REGISTROS CIVILES","IV"
"1","1","0","CAJAMARCA","SANTA CRUZ","CATACHE","","","ACCESO, USO, IMPORTANCIA Y UTILIDAD DEL PORTAL WEB DEL REGISTRADOR CIVIL","IV"
"1","1","0","CAJAMARCA","SANTA CRUZ","CATACHE","","","ATENCIÓN AL CIUDADANO","IV"
"1","1","0","LAMBAYEQUE ","CHICLAYO ","CAYALTI ","","","ATENCIÓN AL USUARIO","IV"
"2","2","0","LAMBAYEQUE","CHICLAYO ","CAYALTI ","","","ACCESO, USO, IMPORTANCIA Y UTILIDAD DEL PORTAL WEB DEL REGISTRADOR CIVIL","IV"
"1","1","0","AYACUCHO","VICTOR FAJARDO","CAYARA","","","GRAFOTECNIA Y DACTILOSCOPÍA PARA REGISTRADORES CIVILES","IV"
"1","1","0","HUANCAVELICA","ANGARAES","CCOCHACCASA","","","ACCESO, USO, IMPORTANCIA Y UTILIDAD DEL PORTAL WEB DEL REGISTRADOR CIVIL","IV"
"1","1","0","HUANCAVELICA","ANGARAES","CCOCHACCASA","","","INTEGRAL EN REGISTROS CIVILES","IV"
"1","0","1","AYACUCHO","HUANTA","CHACA","","","INTEGRAL EN REGISTROS CIVILES","IV"
"1","0","1","ANCASH","ANTONIO RAIMONDI","CHACCHO","","","ACCESO, USO, IMPORTANCIA Y UTILIDAD DEL PORTAL WEB DEL REGISTRADOR CIVIL","IV"
"2","1","1","AMAZONAS ","CHACHAPOYAS ","CHACHAPOYAS ","","","ATENCIÓN AL USUARIO","IV"
"1","0","1","HUANUCO ","PACHITEA","CHAGLLA","","","INTEGRAL EN REGISTROS CIVILES","IV"
"1","1","0","AREQUIPA","CARAVELI","CHALA","","","INTEGRAL EN REGISTROS CIVILES","IV"
"1","0","1","PIURA","MORROPON","CHALACO","","","INTEGRAL EN REGISTROS CIVILES","IV"
"1","1","0","APURÍMAC ","AYMARAES ","CHALHUANCA ","","","ACCESO, USO, IMPORTANCIA Y UTILIDAD DEL PORTAL WEB DEL REGISTRADOR CIVIL","IV"
"1","1","0","ICA","NASCA","CHANGUILLO","","","INTEGRAL EN REGISTROS CIVILES","IV"
"1","1","0","LA LIBERTAD ","VIRU","CHAO","","","ACCESO, USO, IMPORTANCIA Y UTILIDAD DEL PORTAL WEB DEL REGISTRADOR CIVIL","IV"
"1","1","0","LA LIBERTAD","VIRU","CHAO","","","GRAFOTECNIA Y DACTILOSCOPÍA PARA REGISTRADORES CIVILES","IV"
"1","0","1","SANCHEZ CARRION ","MARCABAL","CHAQUILBAMBA","","","INTEGRAL EN REGISTROS CIVILES","IV"
"1","0","1","AYACUCHO","LUCANAS","CHAVIÑA","","","INTEGRAL EN REGISTROS CIVILES","IV"
"1","1","0","CUSCO","CANCHIS","CHECACUPE","","","CANCELACION DE ACTAS REGISTRALES","IV"
"1","1","0","CUSCO","CANCHIS","CHECACUPE","","","ACCESO, USO, IMPORTANCIA Y UTILIDAD DEL PORTAL WEB DEL REGISTRADOR CIVIL","IV"
"1","1","0","CUSCO","CANCHIS","CHECACUPE","","","GRAFOTECNIA Y DACTILOSCOPÍA PARA REGISTRADORES CIVILES","IV"
"1","1","0","CUSCO","CHANCIS","CHECACUPE","","","REPOSICIÓN Y RECONSTITUCIÓN DE ACTAS","IV"
"1","0","1","CUSCO","CANAS","CHECCA","","","CANCELACION DE ACTAS REGISTRALES","IV"
"1","0","1","CUSCO","CANAS","CHECCA","","","RECTIFICACIÓN DE ACTAS REGISTRALES","IV"
"1","0","1","CUSCO","CANAS","CHECCA","","","REPOSICIÓN Y RECONSTITUCIÒN DE ACTAS REGISTRALES","IV"
"1","1","0","LA LIBERTAD ","CHEPEN ","CHEPEN","","","RECTIFICACIÓN DE ACTAS REGISTRALES","IV"
"1","0","1","AYACUCHO","LA MAR","CHILCAS","","","GRAFOTECNIA Y DACTILOSCOPÍA PARA REGISTRADORES CIVILES","IV"
"1","0","1","AMAZONAS","CHACHAPOYAS","CHILIQUIN","","","ATENCIÓN AL USUARIO","IV"
"1","1","0","APURIMAC","CHINCHEROS","CHINCHEROS","","","INTEGRAL EN REGISTROS CIVILES","IV"
"1","1","0","HUANCAVELICA","CHURCAMPA","CHINCHIHUASI","","","ACCESO, USO, IMPORTANCIA Y UTILIDAD DEL PORTAL WEB DEL REGISTRADOR CIVIL","IV"
"1","1","0","HUANCAVELICA","CHURCAMPA","CHINCHIHUASI","","","RECTIFICACIÓN DE ACTAS REGISTRALES","IV"
"1","0","1","ANCASH","SIHUAS","CHINGALPO","","","ACCESO, USO, IMPORTANCIA Y UTILIDAD DEL PORTAL WEB DEL REGISTRADOR CIVIL","IV"
"1","1","0","CAJAMARCA","SAN IGNACIO","CHIRINOS","","","ATENCIÓN AL USUARIO","IV"
"1","0","1","MOQUEGUA","SANCHEZ CERRO","CHOJATA","","","INTEGRAL EN REGISTROS CIVILES","IV"
"1","1","0","LAMBAYEQUE ","CHICLAYO ","CHONGOYAPE ","","","ATENCIÓN AL USUARIO","IV"
"1","1","0","LAMBAYEQUE ","CHICLAYO ","CHONGOYAPE ","","","ACCESO, USO, IMPORTANCIA Y UTILIDAD DEL PORTAL WEB DEL REGISTRADOR CIVIL","IV"
"1","1","0","APURIMAC","GRAU","CHUQUIBAMBILLA","","","CANCELACION DE ACTAS REGISTRALES","IV"
"1","1","0","APURIMAC","GRAU","CHUQUIBAMBILLA","","","GRAFOTECNIA Y DACTILOSCOPÍA PARA REGISTRADORES CIVILES","IV"
"1","1","0","APURIMAC","GRAU","CHUQUIBAMBILLA","","","RECTIFICACIÓN DE ACTAS REGISTRALES","IV"
"1","1","0","APURIMAC","GRAU","CHUQUIBAMBILLA","","","REPOSICIÓN Y RECONSTITUCIÒN DE ACTAS REGISTRALES","IV"
"1","1","0","AREQUIPA","ISLAY","COCACHACRA","","","ACCESO, USO, IMPORTANCIA Y UTILIDAD DEL PORTAL WEB DEL REGISTRADOR CIVIL","IV"
"1","0","1","HUANCAVELICA","CASTROVIRREYNA","COCAS","","","INTEGRAL EN REGISTROS CIVILES","IV"
"1","0","1","HUANCAVELICA","TAYACAJA","COLCABAMBA","","","INTEGRAL EN REGISTROS CIVILES","IV"
"1","1","0","ANCASH","CASMA","COMANDANTE NOEL","","","ACCESO, USO, IMPORTANCIA Y UTILIDAD DEL PORTAL WEB DEL REGISTRADOR CIVIL","IV"
"1","0","1","HUANCAVELICA","HUANCAVELICA","CONAYCA","","","REPOSICIÓN Y RECONSTITUCIÓN DE ACTAS","IV"
"1","0","1","HUANCAVELICA","HUANCAVELICA","CONAYCA","","","ATENCIÓN AL CIUDADANO","IV"
"1","1","0","CAJAMARCA","CHOTA","CONCHAN","","","ATENCIÓN AL USUARIO","IV"
"1","1","0","LORETO","UCAYALI","CONTAMANA","","","INTEGRAL EN REGISTROS CIVILES","IV"
"2","2","0","AYACUCHO","PARINACOCHAS","CORACORA","","","ACCESO, USO, IMPORTANCIA Y UTILIDAD DEL PORTAL WEB DEL REGISTRADOR CIVIL","IV"
"1","1","0","MOQUEGUA","MARISCAL NIETO","CUCHUMBAYA","","","INTEGRAL EN REGISTROS CIVILES","IV"
"1","0","1","AMAZONAS","BONGARA","CUISPES","","","ATENCIÓN AL USUARIO","IV"
"1","1","0","UCAYALI ","PADRE ABAD ","CURIMANA","","","INTEGRAL EN REGISTROS CIVILES","IV"
"1","0","1","PUNO","SANDIA","CUYOCUYO","","","GRAFOTECNIA Y DACTILOSCOPÍA PARA REGISTRADORES CIVILES","IV"
"1","1","0","PUNO","CHUCUITO","DESAGUADERO","","","ACCESO, USO, IMPORTANCIA Y UTILIDAD DEL PORTAL WEB DEL REGISTRADOR CIVIL","IV"
"1","0","1","CUSCO","LA CONVENCION","ECHARATE","","","INTEGRAL EN REGISTROS CIVILES","IV"
"1","1","0","MOQUEGUA","ILO","EL ALGARROBAL","","","INTEGRAL EN REGISTROS CIVILES","IV"
"1","1","0","CAJAMARCA ","SAN MIGUEL ","EL PRADO ","","","ACCESO, USO, IMPORTANCIA Y UTILIDAD DEL PORTAL WEB DEL REGISTRADOR CIVIL","IV"
"1","1","0","JUNIN","HUANCAYO","EL TAMBO","","","ACCESO, USO, IMPORTANCIA Y UTILIDAD DEL PORTAL WEB DEL REGISTRADOR CIVIL","IV"
"1","0","1","CUSCO","ESPINAR","ESPINAR","","","INTEGRAL EN REGISTROS CIVILES","IV"
"1","1","0","LAMBAYEQUE","FERREÑAFE","FERREÑAFE","","","ATENCIÓN AL CIUDADANO","IV"
"2","1","1","LA LIBERTAD ","TRUJILLO","FLORENCIA DE MORA","","","INTEGRAL EN REGISTROS CIVILES","IV"
"1","1","0","LA LIBERTAD","VIRU","GUADALUPITO","","","GRAFOTECNIA Y DACTILOSCOPÍA PARA REGISTRADORES CIVILES","IV"
"1","1","0","HUANUCO","PUERTO INCA","HONORIA","","","ACCESO, USO, IMPORTANCIA Y UTILIDAD DEL PORTAL WEB DEL REGISTRADOR CIVIL","IV"
"1","1","0","HUANUCO ","PUERTO INCA","HONORIA","","","RECTIFICACIÓN DE ACTAS REGISTRALES","IV"
"1","1","0","HUANUCO ","PUERTO INCA","HONORIA","","","INTEGRAL EN REGISTROS CIVILES","IV"
"1","1","0","HUANUCO ","AMBO ","HUACAR ","","","INTEGRAL EN REGISTROS CIVILES","IV"
"1","0","1","ANCASH","HUARI","HUACCHIS","","","GRAFOTECNIA Y DACTILOSCOPÍA PARA REGISTRADORES CIVILES","IV"
"1","1","0","AYACUCHO","LUCANAS","HUACHUAS","","","INTEGRAL EN REGISTROS CIVILES","IV"
"1","0","1","AYACUCHO","VICTOR FAJARDO","HUANCAPI","","","GRAFOTECNIA Y DACTILOSCOPÍA PARA REGISTRADORES CIVILES","IV"
"1","0","1","APURIMAC","ANDAHUAYLAS","HUANCARAMA","","","GRAFOTECNIA Y DACTILOSCOPÍA PARA REGISTRADORES CIVILES","IV"
"1","1","0","AMAZONAS","CHACHAPOYAS","HUANCAS","","","GRAFOTECNIA Y DACTILOSCOPÍA PARA REGISTRADORES CIVILES","IV"
"1","0","1","AYACUCHO","HUANTA","HUANTA","","","INTEGRAL EN REGISTROS CIVILES","IV"
"1","1","0","HUANUCO ","HUANUCO ","HUANUCO ","","","INTEGRAL EN REGISTROS CIVILES","IV"
"1","1","0","ANCASH","HUARAZ","HUARAZ","","","ACCESO, USO, IMPORTANCIA Y UTILIDAD DEL PORTAL WEB DEL REGISTRADOR CIVIL","IV"
"2","1","1","PIURA","HUANCABAMBA","HUARMACA","","","ACCESO, USO, IMPORTANCIA Y UTILIDAD DEL PORTAL WEB DEL REGISTRADOR CIVIL","IV"
"2","1","1","PIURA","HUANCABAMBA","HUARMACA","","","ATENCIÓN AL CIUDADANO","IV"
"1","1","0","PIURA","HUANCABAMBA","HUARMACA","","","INTEGRAL EN REGISTROS CIVILES","IV"
"1","0","1","CUSCO","QUISPICANCHI","HUARO","","","ACCESO, USO, IMPORTANCIA Y UTILIDAD DEL PORTAL WEB DEL REGISTRADOR CIVIL","IV"
"1","0","1","CUSCO","QUISPICANCHI","HUARO","","","REPOSICIÓN Y RECONSTITUCIÓN DE ACTAS","IV"
"1","1","0","JUNIN","TARMA","HUASAHUASI","","","REPOSICIÓN Y RECONSTITUCIÒN DE ACTAS REGISTRALES","IV"
"1","1","0","PUNO ","PUNO","HUATA","","","REPOSICIÓN Y RECONSTITUCIÓN DE ACTAS","IV"
"1","1","0","PUNO","PUNO","HUATA","","","ACCESO, USO, IMPORTANCIA Y UTILIDAD DEL PORTAL WEB DEL REGISTRADOR CIVIL","IV"
"1","1","0","PUNO","PUNO","HUATA","","","GRAFOTECNIA Y DACTILOSCOPÍA PARA REGISTRADORES CIVILES","IV"
"1","1","0","CUSCO","URUBAMBA","HUAYLLABAMBA","","","RECTIFICACIÓN DE ACTAS REGISTRALES","IV"
"1","0","1","CUSCO","URUBAMBA","HUAYLLABAMBA","","","INTEGRAL EN REGISTROS CIVILES","IV"
"1","1","0","CUSCO","URUBAMBA","HUAYLLABAMBA","","","ACCESO, USO, IMPORTANCIA Y UTILIDAD DEL PORTAL WEB DEL REGISTRADOR CIVIL","IV"
"1","1","0","CUSCO","URUBAMBA","HUAYLLABAMBA","","","REPOSICIÓN Y RECONSTITUCIÓN DE ACTAS","IV"
"1","1","0","APURIMAC","GRAU","HUAYLLATI","","","ACCESO, USO, IMPORTANCIA Y UTILIDAD DEL PORTAL WEB DEL REGISTRADOR CIVIL","IV"
"1","0","1","CUSCO","LA CONVENCION","HUAYOPATA","","","INTEGRAL EN REGISTROS CIVILES","IV"
"1","1","0","MADRE DE DIOS","TAHUAMANU","IBERIA","","","CANCELACION DE ACTAS REGISTRALES","IV"
"1","1","0","MADRE DE DIOS","TAHUAMANU","IBERIA","","","RECTIFICACIÓN DE ACTAS REGISTRALES","IV"
"1","1","0","ICA","ICA","ICA","","","ACCESO, USO, IMPORTANCIA Y UTILIDAD DEL PORTAL WEB DEL REGISTRADOR CIVIL","IV"
"1","1","0","PIURA ","SULLANA ","IGNACIO ESCUDERO ","","","ATENCIÓN AL USUARIO","IV"
"1","1","0","PIURA","SULLANA","IGNACIO ESCUDERO","","","INTEGRAL EN REGISTROS CIVILES","IV"
"1","0","1","PUNO","EL COLLAO","ILAVE","","","ACCESO, USO, IMPORTANCIA Y UTILIDAD DEL PORTAL WEB DEL REGISTRADOR CIVIL","IV"
"2","0","2","PUNO","EL COLLAO","ILAVE","","","INTEGRAL EN REGISTROS CIVILES","IV"
"1","1","0","MADRE DE DIOS","TAMBOPATA","INAMBARI","","","CANCELACION DE ACTAS REGISTRALES","IV"
"1","1","0","MADRE DE DIOS","TAMBOPATA","INAMBARI","","","ACCESO, USO, IMPORTANCIA Y UTILIDAD DEL PORTAL WEB DEL REGISTRADOR CIVIL","IV"
"1","1","0","ANCASH","HUARAZ ","INDEPENDENCIA ","","","GRAFOTECNIA Y DACTILOSCOPÍA PARA REGISTRADORES CIVILES","IV"
"1","0","1","UCAYALI ","CORONEL PORTILLO ","IPARIA","","","INTEGRAL EN REGISTROS CIVILES","IV"
"1","0","1","UCAYALI ","PADRE ABAD ","IRAZOLA","","","INTEGRAL EN REGISTROS CIVILES","IV"
"1","0","1","AREQUIPA","ISLAY","ISLAY","","","INTEGRAL EN REGISTROS CIVILES","IV"
"1","1","0","JUNIN","JAUJA","JAUJA","","","ACCESO, USO, IMPORTANCIA Y UTILIDAD DEL PORTAL WEB DEL REGISTRADOR CIVIL","IV"
"1","1","0","AMAZONAS","BONGARÁ ","JAZÁN ","","","ATENCIÓN AL USUARIO","IV"
"1","1","0","SAN MARTÍN","MOYOBAMBA","JEPELACIO","","","ACCESO, USO, IMPORTANCIA Y UTILIDAD DEL PORTAL WEB DEL REGISTRADOR CIVIL","IV"
"1","1","0","CAJAMARCA","CAJAMARCA","JESÚS","","","ATENCIÓN AL CIUDADANO","IV"
"1","0","1","SAN MARTIN","MARISCAL CÁCERES","JUANJUI","","","ATENCIÓN AL USUARIO","IV"
"1","0","1","SAN MARTIN","MARISCAL CACERES","JUANJUI","","","INTEGRAL EN REGISTROS CIVILES","IV"
"1","0","1","PUNO","SAN ROMAN","JULIACA","","","ACCESO, USO, IMPORTANCIA Y UTILIDAD DEL PORTAL WEB DEL REGISTRADOR CIVIL","IV"
"1","0","1","PUNO","SAN ROMAN","JULIACA","","","GRAFOTECNIA Y DACTILOSCOPÍA PARA REGISTRADORES CIVILES","IV"
"1","1","0","PIURA","PIURA","LA ARENA","","","INTEGRAL EN REGISTROS CIVILES","IV"
"1","1","0","CAJAMARCA","SAN IGNACIO","LA COIPA","","","ACCESO, USO, IMPORTANCIA Y UTILIDAD DEL PORTAL WEB DEL REGISTRADOR CIVIL","IV"
"1","1","0","LA LIBERTAD","TRUJILLO","LA ESPERANZA","","","INTEGRAL EN REGISTROS CIVILES","IV"
"2","2","0","AMAZONAS ","CHACHAPOYAS ","LA JALCA ","","","ATENCIÓN AL USUARIO","IV"
"1","1","0","AREQUIPA","AREQUIPA","LA JOYA","","","ACCESO, USO, IMPORTANCIA Y UTILIDAD DEL PORTAL WEB DEL REGISTRADOR CIVIL","IV"
"1","0","1","ANCASH","HUARAZ","LA LIBERTAD","","","REPOSICIÓN Y RECONSTITUCIÒN DE ACTAS REGISTRALES","IV"
"1","0","1","PIURA","HUANCABAMBA","LA LOMA","","","INTEGRAL EN REGISTROS CIVILES","IV"
"1","0","1","PIURA","MORROPON","LA MATANZA","","","INTEGRAL EN REGISTROS CIVILES","IV"
"1","0","1","ANCASH","AIJA","LA MERCED","","","GRAFOTECNIA Y DACTILOSCOPÍA PARA REGISTRADORES CIVILES","IV"
"1","1","0","AMAZONAS","BAGUA","LA PECA","","","ATENCIÓN AL USUARIO","IV"
"2","1","1","PIURA","PIURA","LA UNION","","","ATENCIÓN AL USUARIO","IV"
"1","1","0","PIURA","PIURA","LA UNION","","","INTEGRAL EN REGISTROS CIVILES","IV"
"1","1","0","TACNA","TACNA","LA YARADA LOS PALOS","","","ACCESO, USO, IMPORTANCIA Y UTILIDAD DEL PORTAL WEB DEL REGISTRADOR CIVIL","IV"
"2","1","1","PIURA","SULLANA","LANCONES","","","INTEGRAL EN REGISTROS CIVILES","IV"
"1","1","0","AYACUCHO","LUCANAS","LARAMATE","","","INTEGRAL EN REGISTROS CIVILES","IV"
"1","1","0","LA LIBERTAD","TRUJILLO","LAREDO","","","RECTIFICACIÓN DE ACTAS REGISTRALES","IV"
"1","1","0","PIURA","PIURA","LAS LOMAS","","","ATENCIÓN AL USUARIO","IV"
"1","0","1","AYACUCHO","LUCANAS","LEONCIO PRADO","","","INTEGRAL EN REGISTROS CIVILES","IV"
"1","0","1","CUSCO","CHUMBIVILCAS","LIVITACA","","","CANCELACION DE ACTAS REGISTRALES","IV"
"1","1","0","CAJAMARCA","CAJAMARCA","LLACANORA","","","REPOSICIÓN Y RECONSTITUCIÓN DE ACTAS","IV"
"1","0","1","ANCASH","MARISCAL LUZURIAGA","LLAMA","","","GRAFOTECNIA Y DACTILOSCOPÍA PARA REGISTRADORES CIVILES","IV"
"1","0","1","ANCASH","MARISCAL LUZURIAGA","LLAMA","","","ACCESO, USO, IMPORTANCIA Y UTILIDAD DEL PORTAL WEB DEL REGISTRADOR CIVIL","IV"
"1","1","0","PIURA","TALARA","LOBITOS ",".",".","ACCESO, USO, IMPORTANCIA Y UTILIDAD DEL PORTAL WEB DEL REGISTRADOR CIVIL","IV"
"1","1","0","AREQUIPA","CARAVELI","LOMAS","","","INTEGRAL EN REGISTROS CIVILES","IV"
"1","0","1","AMAZONAS","LUYA","LONGUITA","","","ATENCIÓN AL USUARIO","IV"
"2","2","0","PIURA","TALARA","LOS ORGANOS","","","INTEGRAL EN REGISTROS CIVILES","IV"
"1","1","0","AYACUCHO","LUCANAS","LUCANAS","","","INTEGRAL EN REGISTROS CIVILES","IV"
"1","1","0","CUSCO","QUISPICANCHI","LUCRE","","","REPOSICIÓN Y RECONSTITUCIÓN DE ACTAS","IV"
"1","1","0","CUSCO","QUISPICANCHI","LUCRE","","","ACCESO, USO, IMPORTANCIA Y UTILIDAD DEL PORTAL WEB DEL REGISTRADOR CIVIL","IV"
"1","1","0","CUSCO","QUISPICANCHI","LUCRE","","","GRAFOTECNIA Y DACTILOSCOPÍA PARA REGISTRADORES CIVILES","IV"
"1","1","0","CUSCO","QUISPICANCHI","LUCRE","","","RECTIFICACIÓN DE ACTAS REGISTRALES","IV"
"1","0","1","AYACUCHO","LA MAR","LUIS CARRANZA","","","INTEGRAL EN REGISTROS CIVILES","IV"
"1","0","1","AYACUCHO","HUANTA","LURICOCHA","","","CANCELACION DE ACTAS REGISTRALES","IV"
"1","0","1","ANCASH","HUARMEY","MALVAS","","","GRAFOTECNIA Y DACTILOSCOPÍA PARA REGISTRADORES CIVILES","IV"
"1","0","1","ANCASH","HUARMEY","MALVAS","","","ACCESO, USO, IMPORTANCIA Y UTILIDAD DEL PORTAL WEB DEL REGISTRADOR CIVIL","IV"
"1","1","0","UCAYALI ","CORONEL PORTILLO ","MANANTAY ","","","INTEGRAL EN REGISTROS CIVILES","IV"
"1","0","1","PUNO","PUNO","MAÑAZO","","","RECTIFICACIÓN DE ACTAS REGISTRALES","IV"
"1","0","1","PUNO","PUNO","MAÑAZO","","","GRAFOTECNIA Y DACTILOSCOPÍA PARA REGISTRADORES CIVILES","IV"
"1","1","0","CUSCO","LA CONVENCION","MARANURA","","","INTEGRAL EN REGISTROS CIVILES","IV"
"1","1","0","CUSCO","URUBAMBA","MARAS","","","GRAFOTECNIA Y DACTILOSCOPÍA PARA REGISTRADORES CIVILES","IV"
"1","1","0","CUSCO","URUBAMBA","MARAS","","","REPOSICIÓN Y RECONSTITUCIÓN DE ACTAS","IV"
"1","0","1","LA LIBERTAD","SANCHEZ CARRION","MARCABAL","","","INTEGRAL EN REGISTROS CIVILES","IV"
"1","1","0","PIURA","SULLANA","MARCAVELICA","","","INTEGRAL EN REGISTROS CIVILES","IV"
"1","1","0","AREQUIPA","CAMANA","MARIANO NICOLAS VALC.","","","INTEGRAL EN REGISTROS CIVILES","IV"
"1","1","0","HUANCAVELICA","HUANCAVELICA","MARISCAL CACERES","","","ACCESO, USO, IMPORTANCIA Y UTILIDAD DEL PORTAL WEB DEL REGISTRADOR CIVIL","IV"
"1","1","0","UCAYALI ","CORONEL PORTILLO ","MASISEA","","","INTEGRAL EN REGISTROS CIVILES","IV"
"1","0","1","CUSCO","LA CONVENCION","MEGANTONI","","","INTEGRAL EN REGISTROS CIVILES","IV"
"1","1","0","AREQUIPA","ISLAY","MEJIA","","","ACCESO, USO, IMPORTANCIA Y UTILIDAD DEL PORTAL WEB DEL REGISTRADOR CIVIL","IV"
"1","1","0","AREQUIPA","ISLAY","MOLLENDO","","","ACCESO, USO, IMPORTANCIA Y UTILIDAD DEL PORTAL WEB DEL REGISTRADOR CIVIL","IV"
"1","0","1","HUANCAVELICA","CASTROVIRREYNA","MOLLEPAMPA","","","INTEGRAL EN REGISTROS CIVILES","IV"
"2","2","0","MOQUEGUA","MARISCAL NIETO","MOQUEGUA","","","INTEGRAL EN REGISTROS CIVILES","IV"
"1","0","1","LAMBAYEQUE","LAMBAYEQUE","MORROPE","","","ATENCIÓN AL CIUDADANO","IV"
"1","1","0","CAJAMARCA","SAN MIGUEL","NANCHOC","","","ACCESO, USO, IMPORTANCIA Y UTILIDAD DEL PORTAL WEB DEL REGISTRADOR CIVIL","IV"
"1","1","0","ICA","NASCA","NASCA","","","REPOSICIÓN Y RECONSTITUCIÓN DE ACTAS","IV"
"5","1","4","AMAZONAS","CONDORCANQUI","NIEVA","","","INTEGRAL EN REGISTROS CIVILES","IV"
"1","0","1","AYACUCHO","LA MAR","NINABAMBA","","","GRAFOTECNIA Y DACTILOSCOPÍA PARA REGISTRADORES CIVILES","IV"
"1","1","0","JUNIN","CONCEPCION","NUEVE DE JULIO","","","ACCESO, USO, IMPORTANCIA Y UTILIDAD DEL PORTAL WEB DEL REGISTRADOR CIVIL","IV"
"1","1","0","JUNIN","CONCEPCION","NUEVE DE JULIO","","","CANCELACION DE ACTAS REGISTRALES","IV"
"1","0","1","AYACUCHO","LUCANAS","OCAÑA","","","INTEGRAL EN REGISTROS CIVILES","IV"
"1","1","0","APURIMAC","CHINCHEROS","OCOBAMBA","","","INTEGRAL EN REGISTROS CIVILES","IV"
"1","1","0","AYACUCHO","HUAMANGA","OCROS","","","GRAFOTECNIA Y DACTILOSCOPÍA PARA REGISTRADORES CIVILES","IV"
"1","1","0","PUNO","LAMPA","OCUVIRI","","","RECTIFICACIÓN DE ACTAS REGISTRALES","IV"
"1","1","0","PUNO","LAMPA","OCUVIRI","","","GRAFOTECNIA Y DACTILOSCOPÍA PARA REGISTRADORES CIVILES","IV"
"1","0","1","PUNO","CARABAYA","OLLACHEA","","","GRAFOTECNIA Y DACTILOSCOPÍA PARA REGISTRADORES CIVILES","IV"
"1","0","1","PUNO","CARABAYA","OLLACHEA","","","ATENCIÓN AL CIUDADANO","IV"
"1","1","0","JUNIN","JUNIN","ONDORES","","","ACCESO, USO, IMPORTANCIA Y UTILIDAD DEL PORTAL WEB DEL REGISTRADOR CIVIL","IV"
"1","1","0","CUSCO","QUISPICANCHI ","OROPESA","","","ACCESO, USO, IMPORTANCIA Y UTILIDAD DEL PORTAL WEB DEL REGISTRADOR CIVIL","IV"
"1","1","0","CUSCO","QUISPICANCHI","OROPESA","","","GRAFOTECNIA Y DACTILOSCOPÍA PARA REGISTRADORES CIVILES","IV"
"2","2","0","AYACUCHO","LUCANAS","OTOCA","","","REPOSICIÓN Y RECONSTITUCIÓN DE ACTAS","IV"
"1","0","1","AYACUCHO","PAUCAR DEL SARA SARA","OYOLO","","","REPOSICIÓN Y RECONSTITUCIÓN DE ACTAS","IV"
"2","2","0","PIURA","AYABACA","PACAIPAMPA","","","ACCESO, USO, IMPORTANCIA Y UTILIDAD DEL PORTAL WEB DEL REGISTRADOR CIVIL","IV"
"1","1","0","PIURA","AYABACA","PACAIPAMPA","","","INTEGRAL EN REGISTROS CIVILES","IV"
"1","1","0","JUNIN","YAULI","PACCHA","","","ATENCIÓN AL USUARIO","IV"
"1","1","0","ICA","ICA","PACHACUTEC","","","INTEGRAL EN REGISTROS CIVILES","IV"
"1","0","1","AYACUCHO","SUCRE","PAICO","","","INTEGRAL EN REGISTROS CIVILES","IV"
"1","0","1","ANCASH","HUAYLAS","PAMPAROMAS","","","GRAFOTECNIA Y DACTILOSCOPÍA PARA REGISTRADORES CIVILES","IV"
"1","0","1","ANCASH","HUAYLAS","PAMPAROMAS","","","ACCESO, USO, IMPORTANCIA Y UTILIDAD DEL PORTAL WEB DEL REGISTRADOR CIVIL","IV"
"1","1","0","TUMBES","ZARUMILLA","PAPAYAL","","","INTEGRAL EN REGISTROS CIVILES","IV"
"1","1","0","PIURA","TALARA","PARIÑAS","","","INTEGRAL EN REGISTROS CIVILES","IV"
"1","0","1","CUSCO","PARURO","PARURO","","","GRAFOTECNIA Y DACTILOSCOPÍA PARA REGISTRADORES CIVILES","IV"
"1","1","0","AYACUCHO","LA MAR","PATIBAMBA","","","REPOSICIÓN Y RECONSTITUCIÓN DE ACTAS","IV"
"1","0","1","HUANCAVELICA","ACOBAMBA","PAUCARA","","","INTEGRAL EN REGISTROS CIVILES","IV"
"1","0","1","AREQUIPA","AREQUIPA","PAUCARPATA","","","ACCESO, USO, IMPORTANCIA Y UTILIDAD DEL PORTAL WEB DEL REGISTRADOR CIVIL","IV"
"1","0","1","CUSCO","LA CONVENCION","PICHARI","","","INTEGRAL EN REGISTROS CIVILES","IV"
"1","0","1","CUSCO","LA CONVENCION","PICHARI","","","CANCELACION DE ACTAS REGISTRALES","IV"
"1","1","0","LAMBAYEQUE","CHICLAYO","PICSI","","","INTEGRAL EN REGISTROS CIVILES","IV"
"1","0","1","PUNO","EL COLLAO","PILCUYO","","","ACCESO, USO, IMPORTANCIA Y UTILIDAD DEL PORTAL WEB DEL REGISTRADOR CIVIL","IV"
"2","0","2","PUNO","EL COLLAO","PILCUYO","","","INTEGRAL EN REGISTROS CIVILES","IV"
"2","1","1","CAJAMARCA","CUTERVO","PIMPINGOS","","","ATENCIÓN AL CIUDADANO","IV"
"1","0","1","CUSCO","CANCHIS","PITUMARCA","","","INTEGRAL EN REGISTROS CIVILES","IV"
"1","0","1","CUSCO","CANCHIS","PITUMARCA","","","GRAFOTECNIA Y DACTILOSCOPÍA PARA REGISTRADORES CIVILES","IV"
"1","0","1","HUANCAVELICA","ACOBAMBA","POMACOCHA","","","ATENCIÓN AL CIUDADANO","IV"
"1","1","0","CAJAMARCA","JAEN","POMAHUACA","","","ATENCIÓN AL USUARIO","IV"
"1","1","0","CUSCO","CUSCO","POROY","","","REPOSICIÓN Y RECONSTITUCIÓN DE ACTAS","IV"
"1","1","0","AYACUCHO","HUANTA","PUCACOLPA","","","GRAFOTECNIA Y DACTILOSCOPÍA PARA REGISTRADORES CIVILES","IV"
"1","1","0","AYACUCHO","HUANTA","PUCACOLPA","","","CANCELACION DE ACTAS REGISTRALES","IV"
"1","1","0","LAMBAYEQUE ","CHICLAYO ","PUCALA ","","","ATENCIÓN AL USUARIO","IV"
"1","0","1","ICA","ICA","PUEBLO NUEVO","","","INTEGRAL EN REGISTROS CIVILES","IV"
"1","1","0","ICA","CHINCHA","PUEBLO NUEVO","","","REPOSICIÓN Y RECONSTITUCIÒN DE ACTAS REGISTRALES","IV"
"1","0","1","CAJAMARCA","SANTA CRUZ","PULAN","","","ATENCIÓN AL USUARIO","IV"
"1","1","0","AYACUCHO","PARINACOCHAS","PULLO","","","INTEGRAL EN REGISTROS CIVILES","IV"
"2","1","1","PUNO ","PUNO ","PUNO ","","","GRAFOTECNIA Y DACTILOSCOPÍA PARA REGISTRADORES CIVILES","IV"
"2","1","1","PUNO","PUNO","PUNO","","","RECTIFICACIÓN DE ACTAS REGISTRALES","IV"
"2","1","1","UCAYALI ","PURUS ","PURUS ","","","INTEGRAL EN REGISTROS CIVILES","IV"
"1","1","0","PUNO","HUANCANE","PUSI","","","ACCESO, USO, IMPORTANCIA Y UTILIDAD DEL PORTAL WEB DEL REGISTRADOR CIVIL","IV"
"1","0","1","AYACUCHO","PARINACOCHAS","PUYUSCA","","","INTEGRAL EN REGISTROS CIVILES","IV"
"1","1","0","CUSCO","LA CONVENCION","QUELLOUNO","","","INTEGRAL EN REGISTROS CIVILES","IV"
"1","1","0","AYACUCHO","SUCRE","QUEROBAMBA","","","GRAFOTECNIA Y DACTILOSCOPÍA PARA REGISTRADORES CIVILES","IV"
"1","0","1","ANCASH","SIHUAS","RAGASH","","","ACCESO, USO, IMPORTANCIA Y UTILIDAD DEL PORTAL WEB DEL REGISTRADOR CIVIL","IV"
"1","0","1","UCAYALI ","ATALAYA","RAIMONDI ","","","INTEGRAL EN REGISTROS CIVILES","IV"
"1","1","0","APURIMAC","ANDAHUAYLAS","RANRACANCHA","","","GRAFOTECNIA Y DACTILOSCOPÍA PARA REGISTRADORES CIVILES","IV"
"1","1","0","APURIMAC","CHINCHEROS","RANRACANCHA","","","INTEGRAL EN REGISTROS CIVILES","IV"
"1","1","0","ANCASH","YUNGAY","RANRAHIRCA","","","ACCESO, USO, IMPORTANCIA Y UTILIDAD DEL PORTAL WEB DEL REGISTRADOR CIVIL","IV"
"1","1","0","ANCASH","YUNGAY","RANRAHIRCA","","","GRAFOTECNIA Y DACTILOSCOPÍA PARA REGISTRADORES CIVILES","IV"
"1","1","0","PIURA","SECHURA","RINCONADA LLICUAR","","","ATENCIÓN AL CIUDADANO","IV"
"1","0","1","ICA","PALPA","RIO GRANDE","","","INTEGRAL EN REGISTROS CIVILES","IV"
"1","0","1","APURIMAC","CHINCHEROS","ROCCHACC","","","GRAFOTECNIA Y DACTILOSCOPÍA PARA REGISTRADORES CIVILES","IV"
"1","0","1","APURIMAC","CHINCHEROS","ROCCHACC","","","INTEGRAL EN REGISTROS CIVILES","IV"
"1","1","0","AYACUCHO","LUCANAS","SAISA","","","INTEGRAL EN REGISTROS CIVILES","IV"
"1","1","0","PIURA","SULLANA","SALITRAL","","","INTEGRAL EN REGISTROS CIVILES","IV"
"1","0","1","CAJAMARCA ","JAÉN ","SALLIQUE ","","","ATENCIÓN AL USUARIO","IV"
"2","2","0","TACNA","TACNA","SAMA","","","INTEGRAL EN REGISTROS CIVILES","IV"
"1","0","1","PUNO ","AZÁNGARO","SAMÁN","","","INTEGRAL EN REGISTROS CIVILES","IV"
"1","1","0","MOQUEGUA","MARISCAL NIETO","SAMEGUA","","","INTEGRAL EN REGISTROS CIVILES","IV"
"1","1","0","MOQUEGUA","MARISCAL NIETO","SAN ANTONIO","","","INTEGRAL EN REGISTROS CIVILES","IV"
"1","1","0","CAJAMARCA ","JAÉN ","SAN FELIPE","","","ATENCIÓN AL USUARIO","IV"
"1","1","0","AMAZONAS","LUYA","SAN FRANCISCO DEL YESO","","","INTEGRAL EN REGISTROS CIVILES","IV"
"1","0","1","PUNO ","CARABAYA ","SAN GABAN ","","","ACCESO, USO, IMPORTANCIA Y UTILIDAD DEL PORTAL WEB DEL REGISTRADOR CIVIL","IV"
"1","0","1","PUNO","CARABAYA","SAN GABAN","","","GRAFOTECNIA Y DACTILOSCOPÍA PARA REGISTRADORES CIVILES","IV"
"1","0","1","PUNO","CARABAYA","SAN GABAN","","","CANCELACION DE ACTAS REGISTRALES","IV"
"1","0","1","PUNO ","CARABAYA ","SAN GABAN ","","","ATENCIÓN AL CIUDADANO","IV"
"1","1","0","AMAZONAS","LUYA","SAN JERONIMO","","","ATENCIÓN AL USUARIO","IV"
"1","1","0","ICA","ICA","SAN JOSE DE LOS MOLINOS","","","INTEGRAL EN REGISTROS CIVILES","IV"
"1","1","0","AYACUCHO","PAUCAR DEL SARA SARA","SAN JOSE DE USHUA","","","RECTIFICACIÓN DE ACTAS REGISTRALES","IV"
"1","1","0","ANCASH","SIHUAS","SAN JUAN","","","GRAFOTECNIA Y DACTILOSCOPÍA PARA REGISTRADORES CIVILES","IV"
"1","1","0","ANCASH","SIHUAS","SAN JUAN","","","RECTIFICACIÓN DE ACTAS REGISTRALES","IV"
"1","1","0","AYACUCHO","LUCANAS","SAN JUAN","","","INTEGRAL EN REGISTROS CIVILES","IV"
"1","1","0","AYACUCHO","HUAMANGA","SAN JUAN BAUTISTA","","","CANCELACION DE ACTAS REGISTRALES","IV"
"1","1","0","AYACUCHO","HUAMANGA","SAN JUAN BAUTISTA","","","RECTIFICACIÓN DE ACTAS REGISTRALES","IV"
"1","1","0","PIURA","MORROPON","SAN JUAN DE BIGOTE","","","INTEGRAL EN REGISTROS CIVILES","IV"
"1","1","0","ANCASH","ANTONIO RAIMONDI","SAN JUAN DE RONTOY","","","GRAFOTECNIA Y DACTILOSCOPÍA PARA REGISTRADORES CIVILES","IV"
"1","0","1","PUNO ","AZÁNGARO ","SAN JUAN DE SALINAS","","","REPOSICIÓN Y RECONSTITUCIÓN DE ACTAS","IV"
"1","0","1","PUNO","AZANGARO","SAN JUAN DE SALINAS","","","ACCESO, USO, IMPORTANCIA Y UTILIDAD DEL PORTAL WEB DEL REGISTRADOR CIVIL","IV"
"1","1","0","UCAYALI ","PADRE ABAD ","SAN JUAN KM.71","","","INTEGRAL EN REGISTROS CIVILES","IV"
"1","1","0","AYACUCHO","LA MAR","SAN MIGUEL","","","CANCELACION DE ACTAS REGISTRALES","IV"
"1","0","1","PUNO","SAN ROMAN","SAN MIGUEL","","","ACCESO, USO, IMPORTANCIA Y UTILIDAD DEL PORTAL WEB DEL REGISTRADOR CIVIL","IV"
"1","1","0","PIURA","HUANCABAMBA","SAN MIGUEL DEL FAIQUE","","","INTEGRAL EN REGISTROS CIVILES","IV"
"1","1","0","CUSCO","CANCHIS","SAN PABLO","","","REPOSICIÓN Y RECONSTITUCIÓN DE ACTAS","IV"
"1","1","0","CUSCO","CANCHIS","SAN PEDRO","","","RECTIFICACIÓN DE ACTAS REGISTRALES","IV"
"1","0","1","ANCASH","HUARI","SAN PEDRO DE CHANA","","","GRAFOTECNIA Y DACTILOSCOPÍA PARA REGISTRADORES CIVILES","IV"
"1","0","1","ANCASH","HUARI","SAN PEDRO DE CHANA","","","INTEGRAL EN REGISTROS CIVILES","IV"
"1","1","0","AYACUCHO","LUCANAS","SAN PEDRO DE PALCO","","","INTEGRAL EN REGISTROS CIVILES","IV"
"1","0","1","PUNO ","SANDIA","SANDIA","","","REPOSICIÓN Y RECONSTITUCIÓN DE ACTAS","IV"
"1","0","1","PUNO","SANDIA","SANDIA","","","ACCESO, USO, IMPORTANCIA Y UTILIDAD DEL PORTAL WEB DEL REGISTRADOR CIVIL","IV"
"1","1","0","PIURA","HUANCABAMBA","SANDOR","","","INTEGRAL EN REGISTROS CIVILES","IV"
"1","0","1","CUSCO","LA CONVENCION","SANTA ANA","","","INTEGRAL EN REGISTROS CIVILES","IV"
"1","0","1","AYACUCHO","LUCANAS","SANTA ANA DE HUAYCAUCHO","","","REPOSICIÓN Y RECONSTITUCIÓN DE ACTAS","IV"
"1","0","1","PIURA","MORROPON","SANTA CATALINA DE MOSSA","","","ACCESO, USO, IMPORTANCIA Y UTILIDAD DEL PORTAL WEB DEL REGISTRADOR CIVIL","IV"
"1","0","1","PIURA","MORROPON","SANTA CATALINA DE MOSSA","","","ATENCIÓN AL CIUDADANO","IV"
"1","0","1","PIURA","MORROPON","SANTA CATALINA DE MOSSA","","","INTEGRAL EN REGISTROS CIVILES","IV"
"1","1","0","HUANUCO","HUANUCO","SANTA MARIA DEL VALLE","","","ACCESO, USO, IMPORTANCIA Y UTILIDAD DEL PORTAL WEB DEL REGISTRADOR CIVIL","IV"
"1","1","0","CAJAMARCA ","SAN MIGUEL","SANTA ROSA","","","ACCESO, USO, IMPORTANCIA Y UTILIDAD DEL PORTAL WEB DEL REGISTRADOR CIVIL","IV"
"1","0","1","AYACUCHO","LA MAR","SANTA ROSA","","","CANCELACION DE ACTAS REGISTRALES","IV"
"1","1","0","JUNIN","YAULI","SANTA ROSA DE SACCO","","","ATENCIÓN AL USUARIO","IV"
"1","1","0","JUNIN","YAULI","SANTA ROSA DE SACCO","","","ACCESO, USO, IMPORTANCIA Y UTILIDAD DEL PORTAL WEB DEL REGISTRADOR CIVIL","IV"
"1","1","0","CUSCO","LA CONVENCION","SANTA TERESA","","","INTEGRAL EN REGISTROS CIVILES","IV"
"1","1","0","AYACUCHO","HUAMANGA","SANTIAGO DE PISCHA","","","GRAFOTECNIA Y DACTILOSCOPÍA PARA REGISTRADORES CIVILES","IV"
"1","1","0","AYACUCHO","HUAMANGA","SANTIAGO DE PISCHA","","","CANCELACION DE ACTAS REGISTRALES","IV"
"1","1","0","AYACUCHO","HUAMANGA","SANTIAGO DE PISCHA","","","REPOSICIÓN Y RECONSTITUCIÓN DE ACTAS","IV"
"1","1","0","AYACUCHO","HUAMANGA","SANTIAGO DE PISCHA","","","INTEGRAL EN REGISTROS CIVILES","IV"
"1","1","0","HUANCAVELICA","HUAYTARA","SANTIAGO DE QUIRAHUARA","","","INTEGRAL EN REGISTROS CIVILES","IV"
"1","1","0","AMAZONAS ","LUYA","SANTO  TOMAS ","","","ATENCIÓN AL USUARIO","IV"
"1","1","0","PIURA","AYABACA","SAPILLICA","","","ATENCIÓN AL CIUDADANO","IV"
"1","0","1","LORETO ","UCAYALI","SARAYACU","","","RECTIFICACIÓN DE ACTAS REGISTRALES","IV"
"1","1","0","JUNÍN ","JAUJA ","SAUSA ","","","ACCESO, USO, IMPORTANCIA Y UTILIDAD DEL PORTAL WEB DEL REGISTRADOR CIVIL","IV"
"1","1","0","JUNÍN ","JAUJA ","SAUSA ","","","ATENCIÓN AL USUARIO","IV"
"1","1","0","JUNIN","JAUJA","SAUSA","","","CANCELACION DE ACTAS REGISTRALES","IV"
"1","1","0","PIURA","SECHURA","SECHURA","","","ATENCIÓN AL USUARIO","IV"
"1","1","0","PIURA","SECHURA","SECHURA","","","ACCESO, USO, IMPORTANCIA Y UTILIDAD DEL PORTAL WEB DEL REGISTRADOR CIVIL","IV"
"1","1","0","UCAYALI ","ATALAYA","SEPAHUA","","","INTEGRAL EN REGISTROS CIVILES","IV"
"1","1","0","AREQUIPA","CAYLLOMA","SIBAYO","","","ATENCIÓN AL USUARIO","IV"
"1","1","0","CUSCO","CANCHIS","SICUANI ","","","RECTIFICACIÓN DE ACTAS REGISTRALES","IV"
"1","1","0","CUSCO","CANCHIS","SICUANI","","","GRAFOTECNIA Y DACTILOSCOPÍA PARA REGISTRADORES CIVILES","IV"
"1","1","0","ANCASH","SIHUAS","SIHUAS","","","GRAFOTECNIA Y DACTILOSCOPÍA PARA REGISTRADORES CIVILES","IV"
"1","0","1","JUNIN","JAUJA","SINCOS","","","ACCESO, USO, IMPORTANCIA Y UTILIDAD DEL PORTAL WEB DEL REGISTRADOR CIVIL","IV"
"1","1","0","AREQUIPA","AREQUIPA","SOCABAYA","","","INTEGRAL EN REGISTROS CIVILES","IV"
"1","0","1","AYACUCHO","HUAMANGA","SOCOS","","-","GRAFOTECNIA Y DACTILOSCOPÍA PARA REGISTRADORES CIVILES","IV"
"1","1","0","PIURA","HUANCABAMBA","SONDOR","","","ACCESO, USO, IMPORTANCIA Y UTILIDAD DEL PORTAL WEB DEL REGISTRADOR CIVIL","IV"
"1","1","0","PIURA","HUANCABAMBA","SONDORILLO","","","INTEGRAL EN REGISTROS CIVILES","IV"
"1","1","0","AYACUCHO","SUCRE","SORAS","","","GRAFOTECNIA Y DACTILOSCOPÍA PARA REGISTRADORES CIVILES","IV"
"1","1","0","ICA","ICA","SUBTANJALLA","","","INTEGRAL EN REGISTROS CIVILES","IV"
"1","0","1","PIURA","SULLANA","SULLANA","","","INTEGRAL EN REGISTROS CIVILES","IV"
"1","0","1","ICA","CHINCHA","SUNAMPE","","","INTEGRAL EN REGISTROS CIVILES","IV"
"1","1","0","TACNA","TARATA","SUSAPAYA","","","INTEGRAL EN REGISTROS CIVILES","IV"
"1","1","0","PIURA","AYABACA","SUYO","","","ATENCIÓN AL CIUDADANO","IV"
"1","1","0","TACNA","TACNA","TACNA","","","INTEGRAL EN REGISTROS CIVILES","IV"
"1","1","0","UCAYALI ","ATALAYA ","TAHUANIA ","","","INTEGRAL EN REGISTROS CIVILES","IV"
"1","1","0","PIURA","PIURA","TAMBO GRANDE","","....","ATENCIÓN AL CIUDADANO","IV"
"1","0","1","PIURA","PIURA","TAMBO GRANDE","","","INTEGRAL EN REGISTROS CIVILES","IV"
"1","1","0","APURIMAC","COTABAMBAS","TAMBOBAMBA","","","INTEGRAL EN REGISTROS CIVILES","IV"
"1","1","0","MADRE DE DIOS","TAMBOPATA","TAMBOPATA","","","RECTIFICACIÓN DE ACTAS REGISTRALES","IV"
"1","1","0","MADRE DE DIOS","TAMBOPATA","TAMBOPATA","","","ACCESO, USO, IMPORTANCIA Y UTILIDAD DEL PORTAL WEB DEL REGISTRADOR CIVIL","IV"
"2","2","0","MADRE DE DIOS","TAMBOPATA","TAMBOPATA","","","GRAFOTECNIA Y DACTILOSCOPÍA PARA REGISTRADORES CIVILES","IV"
"1","1","0","MADRE DE DIOS","TAMBOPATA","TAMBOPATA","","","REPOSICIÓN Y RECONSTITUCIÓN DE ACTAS","IV"
"1","1","0","TACNA","TARATA","TARATA","","","INTEGRAL EN REGISTROS CIVILES","IV"
"1","1","0","ICA","ICA","TATE","","","INTEGRAL EN REGISTROS CIVILES","IV"
"1","1","0","ANCASH","PALLASCA","TAUCA","","","GRAFOTECNIA Y DACTILOSCOPÍA PARA REGISTRADORES CIVILES","IV"
"2","2","0","ANCASH","PALLASCA","TAUCA","","","ACCESO, USO, IMPORTANCIA Y UTILIDAD DEL PORTAL WEB DEL REGISTRADOR CIVIL","IV"
"1","1","0","AREQUIPA","AREQUIPA","TIABAYA","","","ACCESO, USO, IMPORTANCIA Y UTILIDAD DEL PORTAL WEB DEL REGISTRADOR CIVIL","IV"
"1","1","0","ICA ","PALPA","TIBILLO","","","REPOSICIÓN Y RECONSTITUCIÒN DE ACTAS REGISTRALES","IV"
"1","1","0","MOQUEGUA","MARISCAL NIETO","TORATA","","","INTEGRAL EN REGISTROS CIVILES","IV"
"1","0","1","CAJAMARCA","CUTERVO ","TORIBIO CASANOVA ","","","ATENCIÓN AL USUARIO","IV"
"1","1","0","HUANUCO ","PUERTO INCA","TOURNAVISTA","","","INTEGRAL EN REGISTROS CIVILES","IV"
"1","1","0","SAN MARTIN","TOCACHE","UCHIZA","","","CANCELACION DE ACTAS REGISTRALES","IV"
"1","0","1","AYACUCHO","HUANTA","UCHURACCAY","","","GRAFOTECNIA Y DACTILOSCOPÍA PARA REGISTRADORES CIVILES","IV"
"1","0","1","AYACUCHO","HUANTA","UCHURACCAY","","","INTEGRAL EN REGISTROS CIVILES","IV"
"1","0","1","PUNO","MELGAR","UMACHIRI","","","ACCESO, USO, IMPORTANCIA Y UTILIDAD DEL PORTAL WEB DEL REGISTRADOR CIVIL","IV"
"1","0","1","PUNO","MELGAR","UMACHIRI","","","GRAFOTECNIA Y DACTILOSCOPÍA PARA REGISTRADORES CIVILES","IV"
"1","0","1","PUNO","MELGAR","UMACHIRI","","","INTEGRAL EN REGISTROS CIVILES","IV"
"1","0","1","CUSCO","LA CONVENCION","UNION ASHÁNINKA","","","INTEGRAL EN REGISTROS CIVILES","IV"
"1","1","0","CUSCO","URUBAMBA","URUBAMBA","","","RECTIFICACIÓN DE ACTAS REGISTRALES","IV"
"1","1","0","LA LIBERTAD","TRUJILLO","VICTOR LARCO","","","INTEGRAL EN REGISTROS CIVILES","IV"
"1","1","0","HUANCAVELICA","HUANCAVELICA","VILCA","","","REPOSICIÓN Y RECONSTITUCIÓN DE ACTAS","IV"
"1","1","0","HUANCAVELICA","HUANCAVELICA","VILCA","","","RECTIFICACIÓN DE ACTAS REGISTRALES","IV"
"1","0","1","CUSCO","LA CONVENCION","VILCABAMBA","","","INTEGRAL EN REGISTROS CIVILES","IV"
"1","0","1","LA LIBERTAD    ","VIRU                          ","VIRU                          ","","","ACCESO, USO, IMPORTANCIA Y UTILIDAD DEL PORTAL WEB DEL REGISTRADOR CIVIL","IV"
"1","1","0","LA LIBERTAD","VIRU","VIRU","","","INTEGRAL EN REGISTROS CIVILES","IV"
"1","0","1","AYACUCHO","VILCAS HUAMAN","VISCHONGO","","","INTEGRAL EN REGISTROS CIVILES","IV"
"1","0","1","PUNO ","SANDIA","YANAHUAYA","","","REPOSICIÓN Y RECONSTITUCIÓN DE ACTAS","IV"
"1","0","1","PUNO","SANDIA","YANAHUAYA","","","ACCESO, USO, IMPORTANCIA Y UTILIDAD DEL PORTAL WEB DEL REGISTRADOR CIVIL","IV"
"1","0","1","PUNO","SANDIA","YANAHUAYA","","","GRAFOTECNIA Y DACTILOSCOPÍA PARA REGISTRADORES CIVILES","IV"
"1","0","1","CUSCO","CANAS","YANAOCA","","","ACCESO, USO, IMPORTANCIA Y UTILIDAD DEL PORTAL WEB DEL REGISTRADOR CIVIL","IV"
"1","0","1","CUSCO","CANAS","YANAOCA","","","RECTIFICACIÓN DE ACTAS REGISTRALES","IV"
"1","0","1","AREQUIPA","AREQUIPA","YARABAMBA","","","ACCESO, USO, IMPORTANCIA Y UTILIDAD DEL PORTAL WEB DEL REGISTRADOR CIVIL","IV"
"1","0","1","UCAYALI ","CORONEL PORTILLO ","YARINACOCHA ","","","INTEGRAL EN REGISTROS CIVILES","IV"
"1","0","1","CAJAMARCA","CONTUMAZA","YONAN","","","INTEGRAL EN REGISTROS CIVILES","IV"
"1","0","1","PUNO ","YUNGUYO","YUNGUYO","","","REPOSICIÓN Y RECONSTITUCIÓN DE ACTAS","IV"
"1","1","0","AREQUIPA","AREQUIPA","YURA","","","ACCESO, USO, IMPORTANCIA Y UTILIDAD DEL PORTAL WEB DEL REGISTRADOR CIVIL","IV"
"1","1","0","UCAYALI ","ATALAYA ","YURUA ","","","INTEGRAL EN REGISTROS CIVILES","IV"
"3","1","2","HUANUCO ","PUERTO INCA","YUYAPICHIS ","","","INTEGRAL EN REGISTROS CIVILES","IV"
"1","1","0","TUMBES ","ZARUMILLA ","ZARUMILLA ","","","ATENCIÓN AL USUARIO","IV"
"1","1","0","TUMBES","CARLOS VILLAR"," ZORRITOS","","","INTEGRAL EN REGISTROS CIVILES","IV"
"1","1","0","CAJAMARCA","CAJAMARCA","","","","ATENCIÓN AL CIUDADANO","IV"
"1","1","0","LAMBAYEQUE","CHICLAYO","","","","INTEGRAL EN REGISTROS CIVILES","IV"
"1","0","1","CAJAMARCA","SAN PABLO ","","","","INTEGRAL EN REGISTROS CIVILES","IV"
